run_id	workflow_attempt	job_id	job	status	conclusion	head_sha	event	created_at	log
35034584927	1	104600718367	e2e	completed	success	ce8ed1f953c81a36bb40ca022d608c558903e450	pull_request	2026-09-15T23:12:12Z	fetched
35034584927	1	104600718371	app	completed	success	ce8ed1f953c81a36bb40ca022d608c558903e450	pull_request	2026-09-15T23:12:12Z	fetched
35027627403	1	104578385930	app	completed	success	5fc01cce3db5dfdd64fa0a80b086a7debd13a2d2	push	2026-09-15T21:48:07Z	fetched
35027627403	1	104578385936	e2e	completed	success	5fc01cce3db5dfdd64fa0a80b086a7debd13a2d2	push	2026-09-15T21:48:07Z	fetched
35025667137	1	104572035072	e2e	completed	success	15bd489ff64c0b4525a27c55afcc5f06f0428565	pull_request	2026-09-15T21:26:55Z	fetched
35025667137	1	104572035117	app	completed	success	15bd489ff64c0b4525a27c55afcc5f06f0428565	pull_request	2026-09-15T21:26:55Z	fetched
35025032433	1	104569955228	e2e	completed	success	8536de998dbf4e325d389a79d2f69074b884f2b9	push	2026-09-15T21:20:22Z	fetched
35025032433	1	104569955248	app	completed	success	8536de998dbf4e325d389a79d2f69074b884f2b9	push	2026-09-15T21:20:22Z	fetched
35024853216	1	104569354293	app	completed	success	67d65348ddb36504d60034ab555396701fb00868	push	2026-09-15T21:18:32Z	fetched
35024853216	1	104569354315	e2e	completed	success	67d65348ddb36504d60034ab555396701fb00868	push	2026-09-15T21:18:32Z	fetched
35018684313	1	104548577270	app	completed	success	9a900a19350c30da65b85e45496a7b19baa02af0	pull_request	2026-09-15T20:17:25Z	fetched
35018684313	1	104548577364	e2e	completed	success	9a900a19350c30da65b85e45496a7b19baa02af0	pull_request	2026-09-15T20:17:25Z	fetched
35016614187	1	104541627667	e2e	completed	success	7ad37de6119b2ea6cd17b66f0adf87a5e13845af	pull_request	2026-09-15T19:57:01Z	fetched
35016614187	1	104541627693	app	completed	success	7ad37de6119b2ea6cd17b66f0adf87a5e13845af	pull_request	2026-09-15T19:57:01Z	fetched
35015313647	1	104537216665	app	completed	success	a95a8b96d7a6298154a3611137ea49feb7c5c640	pull_request	2026-09-15T19:43:23Z	fetched
35015313647	1	104537216673	e2e	completed	success	a95a8b96d7a6298154a3611137ea49feb7c5c640	pull_request	2026-09-15T19:43:23Z	fetched
35013895712	1	104532525037	e2e	completed	success	28e434e489045818540cd9c8648a8d34f488e958	pull_request	2026-09-15T19:29:06Z	fetched
35013895712	1	104532525048	app	completed	success	28e434e489045818540cd9c8648a8d34f488e958	pull_request	2026-09-15T19:29:06Z	fetched
35013034656	1	104529511798	e2e	completed	success	1c857d2785569c26e0187fb1aa472b5afa2c93ce	pull_request	2026-09-15T19:20:27Z	fetched
35013034656	1	104529511988	app	completed	success	1c857d2785569c26e0187fb1aa472b5afa2c93ce	pull_request	2026-09-15T19:20:27Z	fetched
35011580646	1	104524660023	e2e	completed	success	62bc678be4a82dc4545f20c84e1518f6065b3458	pull_request	2026-09-15T19:06:06Z	fetched
35011580646	1	104524660268	app	completed	success	62bc678be4a82dc4545f20c84e1518f6065b3458	pull_request	2026-09-15T19:06:06Z	fetched
35010337865	1	104520464186	app	completed	success	57677813dac3170ddff919444d8f3910f35f2004	pull_request	2026-09-15T18:54:03Z	fetched
35010337865	1	104520464187	e2e	completed	success	57677813dac3170ddff919444d8f3910f35f2004	pull_request	2026-09-15T18:54:03Z	fetched
35006583861	1	104507837013	app	completed	success	7ec4de40cf21a97e717427c66bbe2b2e6155f17d	pull_request	2026-09-15T18:17:48Z	fetched
35006583861	1	104507837102	e2e	completed	success	7ec4de40cf21a97e717427c66bbe2b2e6155f17d	pull_request	2026-09-15T18:17:48Z	fetched
35006398596	1	104507166977	e2e	completed	success	9954fb905488a027f82922e8a13e880674a39505	pull_request	2026-09-15T18:16:00Z	fetched
35006398596	1	104507167000	app	completed	success	9954fb905488a027f82922e8a13e880674a39505	pull_request	2026-09-15T18:16:00Z	fetched
35005817414	1	104505228995	app	completed	success	a870806191c44ffb582b19ccfd70773f1ab23b40	pull_request	2026-09-15T18:10:28Z	fetched
35005817414	1	104505229128	e2e	completed	success	a870806191c44ffb582b19ccfd70773f1ab23b40	pull_request	2026-09-15T18:10:28Z	fetched
35002296842	1	104493449926	e2e	completed	success	0b7869cde2c7c415dbf8ec8e9dd2f5dacb3b1016	pull_request	2026-09-15T17:36:13Z	fetched
35002296842	1	104493449949	app	completed	success	0b7869cde2c7c415dbf8ec8e9dd2f5dacb3b1016	pull_request	2026-09-15T17:36:13Z	fetched
35001879019	1	104492060469	app	completed	failure	d2409c0950ef43931e8b38753e75ea811ab5b4c3	pull_request	2026-09-15T17:32:08Z	fetched
35001879019	1	104492060568	e2e	completed	success	d2409c0950ef43931e8b38753e75ea811ab5b4c3	pull_request	2026-09-15T17:32:08Z	fetched
35001404997	1	104490478618	e2e	completed	success	d60f38ab3155666ed95bbb454e39e12731b68234	pull_request	2026-09-15T17:27:42Z	fetched
35001404997	1	104490478710	app	completed	success	d60f38ab3155666ed95bbb454e39e12731b68234	pull_request	2026-09-15T17:27:42Z	fetched
34999569374	1	104484392968	e2e	completed	success	1f7db4a934db8304022c0f8e13b2edb0bc89963d	pull_request	2026-09-15T17:10:17Z	fetched
34999569374	1	104484392972	app	completed	success	1f7db4a934db8304022c0f8e13b2edb0bc89963d	pull_request	2026-09-15T17:10:17Z	fetched
34997446539	1	104477222655	app	completed	success	c7addbadcbf7c13565479c4cccea266a2cdf0d58	pull_request	2026-09-15T16:49:47Z	fetched
34997446539	1	104477222797	e2e	completed	success	c7addbadcbf7c13565479c4cccea266a2cdf0d58	pull_request	2026-09-15T16:49:47Z	fetched
34991444355	1	104456898830	app	completed	success	8e7000066f779aee6d577072f210f7e6a2656b70	pull_request	2026-09-15T15:53:27Z	fetched
34991444355	1	104456898945	e2e	completed	failure	8e7000066f779aee6d577072f210f7e6a2656b70	pull_request	2026-09-15T15:53:27Z	fetched
34990132775	1	104452620517	e2e	completed	failure	c0d9406ca6de4d7daf5bc9f47d2e9bbef1592c58	pull_request	2026-09-15T15:41:31Z	fetched
34990132775	1	104452620530	app	completed	success	c0d9406ca6de4d7daf5bc9f47d2e9bbef1592c58	pull_request	2026-09-15T15:41:31Z	fetched
34980599558	1	104419659981	app	completed	success	09c0f1001d680aee1c6895dfc6476751f75b2f5f	pull_request	2026-09-15T14:17:14Z	fetched
34980599558	1	104419660089	e2e	completed	success	09c0f1001d680aee1c6895dfc6476751f75b2f5f	pull_request	2026-09-15T14:17:14Z	fetched
34980462301	1	104419179598	app	completed	success	1a2ffe41f3ef1c6ccd8a23e8e7dbb91f703f2022	push	2026-09-15T14:15:59Z	fetched
34980462301	1	104419179725	e2e	completed	success	1a2ffe41f3ef1c6ccd8a23e8e7dbb91f703f2022	push	2026-09-15T14:15:59Z	fetched
34979643057	1	104416346988	e2e	completed	success	eb0ce6482210f6f48d9ba73d4f7b9868c920551d	pull_request	2026-09-15T14:08:36Z	fetched
34979643057	1	104416346994	app	completed	success	eb0ce6482210f6f48d9ba73d4f7b9868c920551d	pull_request	2026-09-15T14:08:36Z	fetched
34979107528	1	104414514309	app	completed	success	13ddd8ec9064f1f49786fbfe2a40d8fc95a509a5	pull_request	2026-09-15T14:03:53Z	fetched
34979107528	1	104414514364	e2e	completed	success	13ddd8ec9064f1f49786fbfe2a40d8fc95a509a5	pull_request	2026-09-15T14:03:53Z	fetched
34978224034	1	104411465550	app	completed	success	7477fe6144c981281dc231753cae18b309de50e0	pull_request	2026-09-15T13:55:53Z	fetched
34978224034	1	104411465658	e2e	completed	success	7477fe6144c981281dc231753cae18b309de50e0	pull_request	2026-09-15T13:55:53Z	fetched
34977940119	1	104410461825	e2e	completed	success	a3b34849961ea2bcaef375ec47894dc1b45c4c99	pull_request	2026-09-15T13:53:21Z	fetched
34977940119	1	104410461952	app	completed	success	a3b34849961ea2bcaef375ec47894dc1b45c4c99	pull_request	2026-09-15T13:53:21Z	fetched
34975109761	1	104400813906	app	completed	failure	f3b5a2f9fba913318a5742f0518de3fb154fc1e0	pull_request	2026-09-15T13:27:29Z	fetched
34975109761	1	104400814053	e2e	completed	success	f3b5a2f9fba913318a5742f0518de3fb154fc1e0	pull_request	2026-09-15T13:27:29Z	fetched
34973719187	1	104396115209	app	completed	failure	da58d1b93fc6c3098e6c359f057f30cfc872c71d	pull_request	2026-09-15T13:14:21Z	fetched
34973719187	1	104396115470	e2e	completed	success	da58d1b93fc6c3098e6c359f057f30cfc872c71d	pull_request	2026-09-15T13:14:21Z	fetched
34973494888	1	104395358350	e2e	completed	success	ac2a5698634f2c3026747fdd115e5f475a0da4ba	pull_request	2026-09-15T13:12:11Z	fetched
34973494888	1	104395358526	app	completed	success	ac2a5698634f2c3026747fdd115e5f475a0da4ba	pull_request	2026-09-15T13:12:11Z	fetched
34973049394	1	104393835008	app	completed	success	bd85419f0c933d62a3e9d4a867c51fb61ae2d590	pull_request	2026-09-15T13:07:52Z	fetched
34973049394	1	104393835162	e2e	completed	success	bd85419f0c933d62a3e9d4a867c51fb61ae2d590	pull_request	2026-09-15T13:07:52Z	fetched
34972271678	1	104391264448	e2e	completed	success	ca838d27f011e5e2767fcd4899095d799e22e60d	pull_request	2026-09-15T13:00:26Z	fetched
34972271678	1	104391264643	app	completed	success	ca838d27f011e5e2767fcd4899095d799e22e60d	pull_request	2026-09-15T13:00:26Z	fetched
34971995605	1	104390341636	e2e	completed	success	e85417b55fef1023feec0354f3440072d9ba3006	pull_request	2026-09-15T12:57:43Z	fetched
34971995605	1	104390341666	app	completed	success	e85417b55fef1023feec0354f3440072d9ba3006	pull_request	2026-09-15T12:57:43Z	fetched
34968669257	1	104379295042	e2e	completed	success	eeea854e5613825ad884a0b3bd99fc933e8f74d6	pull_request	2026-09-15T12:24:32Z	fetched
34968669257	1	104379295308	app	completed	success	eeea854e5613825ad884a0b3bd99fc933e8f74d6	pull_request	2026-09-15T12:24:32Z	fetched
34967412335	1	104375137283	app	completed	success	ede1a8e03898aac2e2d2526edd2cf6d0910135d5	pull_request	2026-09-15T12:11:19Z	fetched
34967412335	1	104375137443	e2e	completed	success	ede1a8e03898aac2e2d2526edd2cf6d0910135d5	pull_request	2026-09-15T12:11:19Z	fetched
34964758036	1	104366545361	e2e	completed	success	8afdf52661f417f44af4a86e61488e1a70c2e0dd	push	2026-09-15T11:42:42Z	fetched
34964758036	1	104366545424	app	completed	success	8afdf52661f417f44af4a86e61488e1a70c2e0dd	push	2026-09-15T11:42:42Z	fetched
34964277601	1	104364974121	e2e	completed	success	a53eb03d8218dcb122c825db8e901ff4a5bb4eba	push	2026-09-15T11:37:23Z	fetched
34964277601	1	104364974122	app	completed	success	a53eb03d8218dcb122c825db8e901ff4a5bb4eba	push	2026-09-15T11:37:23Z	fetched
34963853124	1	104363633524	e2e	completed	success	6cc13d7a3aa538eca82111e2f0334d26846158d4	pull_request	2026-09-15T11:32:42Z	fetched
34963853124	1	104363633536	app	completed	success	6cc13d7a3aa538eca82111e2f0334d26846158d4	pull_request	2026-09-15T11:32:42Z	fetched
34930564360	1	104257754891	app	completed	success	e4ecf6ec18756c9ba778e439d3720d25e5638df8	pull_request	2026-09-15T04:53:28Z	fetched
34930564360	1	104257754911	e2e	completed	success	e4ecf6ec18756c9ba778e439d3720d25e5638df8	pull_request	2026-09-15T04:53:28Z	fetched
34927467897	1	104248496234	e2e	completed	success	66c1e3ffd7504a53a35da2267b4ffdca7699230a	pull_request	2026-09-15T04:05:33Z	fetched
34927467897	1	104248496264	app	completed	success	66c1e3ffd7504a53a35da2267b4ffdca7699230a	pull_request	2026-09-15T04:05:33Z	fetched
34926676405	1	104246148298	e2e	completed	success	6b77a31100de310532eea3d833b7c1f357f36bb6	pull_request	2026-09-15T03:53:05Z	fetched
34926676405	1	104246148325	app	completed	success	6b77a31100de310532eea3d833b7c1f357f36bb6	pull_request	2026-09-15T03:53:05Z	fetched
34925703344	1	104243217805	e2e	completed	success	b08a220b059d8b14bdf3f15a89471ea150c72194	pull_request	2026-09-15T03:37:31Z	fetched
34925703344	1	104243217812	app	completed	success	b08a220b059d8b14bdf3f15a89471ea150c72194	pull_request	2026-09-15T03:37:31Z	fetched
34925162361	1	104241589114	e2e	completed	success	73cd075c0dda1177a0b73ace6e7246fdb9a5bc74	push	2026-09-15T03:29:16Z	fetched
34925162361	1	104241589117	app	completed	success	73cd075c0dda1177a0b73ace6e7246fdb9a5bc74	push	2026-09-15T03:29:16Z	fetched
34923793393	1	104237405540	app	completed	success	b3a089f9432c19dee7b0e34b8edc6d2ee58f8db2	pull_request	2026-09-15T03:07:34Z	fetched
34923793393	1	104237405662	e2e	completed	success	b3a089f9432c19dee7b0e34b8edc6d2ee58f8db2	pull_request	2026-09-15T03:07:34Z	fetched
34922601930	1	104233837996	e2e	completed	success	47c5fae8d35464acbdcf2efc91d6a5de7859d7fa	push	2026-09-15T02:48:48Z	fetched
34922601930	1	104233838063	app	completed	success	47c5fae8d35464acbdcf2efc91d6a5de7859d7fa	push	2026-09-15T02:48:48Z	fetched
34922560832	1	104233720551	app	completed	skipped	6989d2ac62b2774cc67c76e4d21ecc93fbf6a058	push	2026-09-15T02:48:09Z	HTTPError: HTTP Error 404: The specified blob does not exist.
34922560832	1	104233720928	e2e	completed	skipped	6989d2ac62b2774cc67c76e4d21ecc93fbf6a058	push	2026-09-15T02:48:09Z	HTTPError: HTTP Error 404: The specified blob does not exist.
34921882199	1	104231663525	e2e	completed	skipped	45e6843a73ab6a0b5a221ac1845d52cdc3307567	pull_request	2026-09-15T02:37:20Z	HTTPError: HTTP Error 404: The specified blob does not exist.
34921882199	1	104231663672	app	completed	skipped	45e6843a73ab6a0b5a221ac1845d52cdc3307567	pull_request	2026-09-15T02:37:20Z	HTTPError: HTTP Error 404: The specified blob does not exist.
34919740536	1	104224991188	e2e	completed	skipped	47a5b423bb864c8e1f8ecefd28f039623aa8d74d	pull_request	2026-09-15T02:04:10Z	HTTPError: HTTP Error 404: The specified blob does not exist.
34919740536	1	104224991207	app	completed	skipped	47a5b423bb864c8e1f8ecefd28f039623aa8d74d	pull_request	2026-09-15T02:04:10Z	HTTPError: HTTP Error 404: The specified blob does not exist.
34917708249	1	104218868276	app	completed	success	a9fbb092a87b29d6e3d14d4a7aada009ee1b5c9c	pull_request	2026-09-15T01:33:01Z	fetched
34917708249	1	104218868307	e2e	completed	success	a9fbb092a87b29d6e3d14d4a7aada009ee1b5c9c	pull_request	2026-09-15T01:33:01Z	fetched
34916645244	1	104215637814	e2e	completed	skipped	0e512a52fbdf4f2fbfce23858065dbc5fd0d945d	push	2026-09-15T01:17:03Z	HTTPError: HTTP Error 404: The specified blob does not exist.
34916645244	1	104215637896	app	completed	skipped	0e512a52fbdf4f2fbfce23858065dbc5fd0d945d	push	2026-09-15T01:17:03Z	HTTPError: HTTP Error 404: The specified blob does not exist.
34916401550	1	104214923473	e2e	completed	skipped	75d91afa01d3989f2f2ae168614bc2c941921b5e	pull_request	2026-09-15T01:13:24Z	HTTPError: HTTP Error 404: The specified blob does not exist.
34916401550	1	104214923842	app	completed	skipped	75d91afa01d3989f2f2ae168614bc2c941921b5e	pull_request	2026-09-15T01:13:24Z	HTTPError: HTTP Error 404: The specified blob does not exist.
34915793751	1	104213156447	e2e	completed	skipped	d98fecddfdac52a7c24a778fc8b144fcae5a44ed	pull_request	2026-09-15T01:04:34Z	HTTPError: HTTP Error 404: The specified blob does not exist.
34915793751	1	104213156461	app	completed	skipped	d98fecddfdac52a7c24a778fc8b144fcae5a44ed	pull_request	2026-09-15T01:04:34Z	HTTPError: HTTP Error 404: The specified blob does not exist.
34910719357	1	104197420664	e2e	completed	skipped	47333e369a0839cae1f136873772fecbbf925725	pull_request	2026-09-14T23:51:37Z	HTTPError: HTTP Error 404: The specified blob does not exist.
34910719357	1	104197420811	app	completed	skipped	47333e369a0839cae1f136873772fecbbf925725	pull_request	2026-09-14T23:51:37Z	HTTPError: HTTP Error 404: The specified blob does not exist.
34907509845	1	104187537949	e2e	completed	success	a847148b248ce5d2ea136e871197a8892934da56	push	2026-09-14T23:09:10Z	fetched
34907509845	1	104187537985	app	completed	success	a847148b248ce5d2ea136e871197a8892934da56	push	2026-09-14T23:09:10Z	fetched
34907509845	2	104214904413	app	completed	success	a847148b248ce5d2ea136e871197a8892934da56	push	2026-09-14T23:09:10Z	fetched
34907509845	2	104214904518	e2e	completed	success	a847148b248ce5d2ea136e871197a8892934da56	push	2026-09-14T23:09:10Z	fetched
34906220632	1	104183569145	app	completed	success	607a336e9b3390f2609615daa3b91054312688e9	pull_request	2026-09-14T22:52:38Z	fetched
34906220632	1	104183569259	e2e	completed	success	607a336e9b3390f2609615daa3b91054312688e9	pull_request	2026-09-14T22:52:38Z	fetched
34906035506	1	104182837588	app	completed	success	14c69cc5e1c95c509bc4c9343efbf82e53df9836	pull_request	2026-09-14T22:50:14Z	fetched
34906035506	1	104182837627	e2e	completed	success	14c69cc5e1c95c509bc4c9343efbf82e53df9836	pull_request	2026-09-14T22:50:14Z	fetched
34905176231	1	104180109953	app	completed	success	77816ee1649c932a991e9a08a0597cbc202aaca6	pull_request	2026-09-14T22:39:23Z	fetched
34905176231	1	104180109977	e2e	completed	success	77816ee1649c932a991e9a08a0597cbc202aaca6	pull_request	2026-09-14T22:39:23Z	fetched
34904234398	1	104177098901	e2e	completed	success	21ec08e046964adf1872414ecf361b0f96216ea5	pull_request	2026-09-14T22:27:56Z	fetched
34904234398	1	104177098998	app	completed	success	21ec08e046964adf1872414ecf361b0f96216ea5	pull_request	2026-09-14T22:27:56Z	fetched
34897605355	1	104155778379	e2e	completed	success	8a68e0326c81580cc46997c0fc09128ad940abc1	pull_request	2026-09-14T21:13:52Z	fetched
34897605355	1	104155778412	app	completed	success	8a68e0326c81580cc46997c0fc09128ad940abc1	pull_request	2026-09-14T21:13:52Z	fetched
34884302176	1	104111065124	app	completed	success	1aebec3985f00f724fb01fd595df75fa6072ebf5	push	2026-09-14T19:00:54Z	fetched
34884302176	1	104111065183	e2e	completed	success	1aebec3985f00f724fb01fd595df75fa6072ebf5	push	2026-09-14T19:00:54Z	fetched
34883167997	1	104107261991	e2e	completed	success	984fcffc5e7d15704647ab505f03566a0fd4535e	pull_request	2026-09-14T18:49:36Z	fetched
34883167997	1	104107262016	app	completed	success	984fcffc5e7d15704647ab505f03566a0fd4535e	pull_request	2026-09-14T18:49:36Z	fetched
34881165999	1	104100608340	app	completed	skipped	1a90730b50fb098f6e3af8fb4e61663106829c3b	push	2026-09-14T18:29:59Z	HTTPError: HTTP Error 404: The specified blob does not exist.
34881165999	1	104100609658	e2e	completed	skipped	1a90730b50fb098f6e3af8fb4e61663106829c3b	push	2026-09-14T18:29:59Z	HTTPError: HTTP Error 404: The specified blob does not exist.
34880515735	1	104098426663	app	completed	skipped	7563886343aa353dac632ae05949bc881932a818	pull_request	2026-09-14T18:23:38Z	HTTPError: HTTP Error 404: The specified blob does not exist.
34880515735	1	104098427325	e2e	completed	skipped	7563886343aa353dac632ae05949bc881932a818	pull_request	2026-09-14T18:23:38Z	HTTPError: HTTP Error 404: The specified blob does not exist.
34880300435	1	104097708907	e2e	completed	skipped	4efb37e46c5fa60dc36b3cf10b54789202b49e8d	pull_request	2026-09-14T18:21:30Z	HTTPError: HTTP Error 404: The specified blob does not exist.
34880300435	1	104097709200	app	completed	skipped	4efb37e46c5fa60dc36b3cf10b54789202b49e8d	pull_request	2026-09-14T18:21:30Z	HTTPError: HTTP Error 404: The specified blob does not exist.
34877745107	1	104089107650	e2e	completed	success	b6ede0123d4db52f56d0c767eefaa0103ea588f8	push	2026-09-14T17:56:17Z	fetched
34877745107	1	104089107656	app	completed	failure	b6ede0123d4db52f56d0c767eefaa0103ea588f8	push	2026-09-14T17:56:17Z	fetched
34877745107	2	104092955538	app	completed	success	b6ede0123d4db52f56d0c767eefaa0103ea588f8	push	2026-09-14T17:56:17Z	fetched
34877745107	2	104092955583	e2e	completed	success	b6ede0123d4db52f56d0c767eefaa0103ea588f8	push	2026-09-14T17:56:17Z	fetched
34877275606	1	104087526605	app	completed	skipped	a3292ba241f11602cd09a60cf67b39994fa42c67	push	2026-09-14T17:51:35Z	HTTPError: HTTP Error 404: The specified blob does not exist.
34877275606	1	104087527097	e2e	completed	skipped	a3292ba241f11602cd09a60cf67b39994fa42c67	push	2026-09-14T17:51:35Z	HTTPError: HTTP Error 404: The specified blob does not exist.
34876752469	1	104085771372	e2e	completed	skipped	527db22b143f78a6267b7653cdf8a4487c2227c4	pull_request	2026-09-14T17:46:16Z	HTTPError: HTTP Error 404: The specified blob does not exist.
34876752469	1	104085771449	app	completed	skipped	527db22b143f78a6267b7653cdf8a4487c2227c4	pull_request	2026-09-14T17:46:16Z	HTTPError: HTTP Error 404: The specified blob does not exist.
34876650602	1	104085459608	app	completed	failure	8486a349f5ac8e709e3cc67a3b518e645ecbbd6a	push	2026-09-14T17:45:15Z	fetched
34876650602	1	104085459758	e2e	completed	success	8486a349f5ac8e709e3cc67a3b518e645ecbbd6a	push	2026-09-14T17:45:15Z	fetched
34875647246	1	104082095516	app	completed	success	06894fa429a4d7cc68ba73b2e82af55a86c958d7	pull_request	2026-09-14T17:35:11Z	fetched
34875647246	1	104082095675	e2e	completed	success	06894fa429a4d7cc68ba73b2e82af55a86c958d7	pull_request	2026-09-14T17:35:11Z	fetched
34874390088	1	104077927488	e2e	completed	success	1f31142ed0a7644641df629939233f81ea229bd3	pull_request	2026-09-14T17:22:50Z	fetched
34874390088	1	104077927799	app	completed	success	1f31142ed0a7644641df629939233f81ea229bd3	pull_request	2026-09-14T17:22:50Z	fetched
34873514653	1	104075027419	e2e	completed	skipped	9fe63056928e4b8d0ac322ae16b626e8389e5296	pull_request	2026-09-14T17:14:17Z	HTTPError: HTTP Error 404: The specified blob does not exist.
34873514653	1	104075028653	app	completed	skipped	9fe63056928e4b8d0ac322ae16b626e8389e5296	pull_request	2026-09-14T17:14:17Z	HTTPError: HTTP Error 404: The specified blob does not exist.
34872887220	1	104072931747	e2e	completed	success	b34ede48ffae0be58357ff78ca58235fd93d820d	pull_request	2026-09-14T17:08:09Z	fetched
34872887220	1	104072932386	app	completed	success	b34ede48ffae0be58357ff78ca58235fd93d820d	pull_request	2026-09-14T17:08:09Z	fetched
34872821370	1	104072711881	app	completed	success	cc585b1444e4a9b58d5fecd61ebf49c67cf15742	push	2026-09-14T17:07:31Z	fetched
34872821370	1	104072712055	e2e	completed	success	cc585b1444e4a9b58d5fecd61ebf49c67cf15742	push	2026-09-14T17:07:31Z	fetched
34872806788	1	104072669004	e2e	completed	success	f775d3d03e04b73c3fb24aed268e57b99f5de95a	push	2026-09-14T17:07:23Z	fetched
34872806788	1	104072669008	app	completed	success	f775d3d03e04b73c3fb24aed268e57b99f5de95a	push	2026-09-14T17:07:23Z	fetched
34869291240	1	104060972725	e2e	completed	success	c77b37922bfed249f8434e841e507aba8fd2415b	push	2026-09-14T16:32:57Z	fetched
34869291240	1	104060972800	app	completed	success	c77b37922bfed249f8434e841e507aba8fd2415b	push	2026-09-14T16:32:57Z	fetched
34868181523	1	104057264916	app	completed	success	d098d80fd2effa3d3aab5a05ececbf354939b029	pull_request	2026-09-14T16:22:15Z	fetched
34868181523	1	104057264985	e2e	completed	success	d098d80fd2effa3d3aab5a05ececbf354939b029	pull_request	2026-09-14T16:22:15Z	fetched
34867254521	1	104054155804	app	completed	success	1cddecdf784a939b0b97263f85fab0a2aabe3f77	pull_request	2026-09-14T16:13:29Z	fetched
34867254521	1	104054155872	e2e	completed	success	1cddecdf784a939b0b97263f85fab0a2aabe3f77	pull_request	2026-09-14T16:13:29Z	fetched
34866727383	1	104052376309	app	completed	success	4758e23cbb0a44688228c5381a2f62ac7b15d79e	pull_request	2026-09-14T16:08:30Z	fetched
34866727383	1	104052376350	e2e	completed	success	4758e23cbb0a44688228c5381a2f62ac7b15d79e	pull_request	2026-09-14T16:08:30Z	fetched
34866714895	1	104052323733	e2e	completed	success	a472889a498615702e7a8227ade3958ef60bdc91	pull_request	2026-09-14T16:08:23Z	fetched
34866714895	1	104052323884	app	completed	success	a472889a498615702e7a8227ade3958ef60bdc91	pull_request	2026-09-14T16:08:23Z	fetched
34862418501	1	104037820831	app	completed	success	2c0709d7331c2cc41d17eea3c30af264cf11e4a5	pull_request	2026-09-14T15:28:51Z	fetched
34862418501	1	104037820908	e2e	completed	failure	2c0709d7331c2cc41d17eea3c30af264cf11e4a5	pull_request	2026-09-14T15:28:51Z	fetched
34860635339	1	104031685705	app	completed	success	638e79ebfb67214d76759715618429d9ea43a3ab	push	2026-09-14T15:12:28Z	fetched
34860635339	1	104031685732	e2e	completed	success	638e79ebfb67214d76759715618429d9ea43a3ab	push	2026-09-14T15:12:28Z	fetched
34859420740	1	104027472750	e2e	completed	success	936ac64c5d64d6302cd35c051c2cfbe3195758c0	pull_request	2026-09-14T15:01:29Z	fetched
34859420740	1	104027472785	app	completed	success	936ac64c5d64d6302cd35c051c2cfbe3195758c0	pull_request	2026-09-14T15:01:29Z	fetched
34857839696	1	104021968430	app	completed	success	8e9ecefa9715953e72774bf9f7904d39a75cfb5f	push	2026-09-14T14:46:45Z	fetched
34857839696	1	104021968438	e2e	completed	success	8e9ecefa9715953e72774bf9f7904d39a75cfb5f	push	2026-09-14T14:46:45Z	fetched
34856571820	1	104017626774	e2e	completed	success	09f9c0d1b9cf8a19fbb61e26c338a63ddc4a8b5e	pull_request	2026-09-14T14:35:16Z	fetched
34856571820	1	104017626776	app	completed	success	09f9c0d1b9cf8a19fbb61e26c338a63ddc4a8b5e	pull_request	2026-09-14T14:35:16Z	fetched
34849441427	1	103993424552	app	completed	success	70e857b2fad36159823f07a8123c3569cf222c48	push	2026-09-14T13:28:18Z	fetched
34849441427	1	103993424808	e2e	completed	success	70e857b2fad36159823f07a8123c3569cf222c48	push	2026-09-14T13:28:18Z	fetched
34846990216	1	103985299657	app	completed	success	b58eeb1551c3fc894df340b4c38fef7b19e45e30	pull_request	2026-09-14T13:04:30Z	fetched
34846990216	1	103985299711	e2e	completed	success	b58eeb1551c3fc894df340b4c38fef7b19e45e30	pull_request	2026-09-14T13:04:30Z	fetched
34846114792	1	103982402057	app	completed	success	c23d3ca46c6c90623959042ebaedbfccb97821d0	pull_request	2026-09-14T12:55:30Z	fetched
34846114792	1	103982402171	e2e	completed	success	c23d3ca46c6c90623959042ebaedbfccb97821d0	pull_request	2026-09-14T12:55:30Z	fetched
34845000865	1	103978738249	e2e	completed	success	08eac82447eda598229d3eab1ec43d209182e75e	pull_request	2026-09-14T12:43:36Z	fetched
34845000865	1	103978738691	app	completed	failure	08eac82447eda598229d3eab1ec43d209182e75e	pull_request	2026-09-14T12:43:36Z	fetched
34845000865	2	103982101249	e2e	completed	success	08eac82447eda598229d3eab1ec43d209182e75e	pull_request	2026-09-14T12:43:36Z	fetched
34845000865	2	103982101297	app	completed	success	08eac82447eda598229d3eab1ec43d209182e75e	pull_request	2026-09-14T12:43:36Z	fetched
34843143588	1	103972628157	app	completed	success	c8f940e26be7721eea46b200c7c65ca84b91d8a1	pull_request	2026-09-14T12:23:18Z	fetched
34843143588	1	103972628240	e2e	completed	success	c8f940e26be7721eea46b200c7c65ca84b91d8a1	pull_request	2026-09-14T12:23:18Z	fetched
34841678757	1	103967936711	app	completed	success	d66d5cfb0cf40c8ef18c1672c0f31523887cd6aa	pull_request	2026-09-14T12:07:14Z	fetched
34841678757	1	103967936734	e2e	completed	success	d66d5cfb0cf40c8ef18c1672c0f31523887cd6aa	pull_request	2026-09-14T12:07:14Z	fetched
34839024427	1	103959457513	e2e	completed	success	fa31c870a1265d15fd8e350145a1085ebf3e0fb1	pull_request	2026-09-14T11:36:02Z	fetched
34839024427	1	103959457518	app	completed	success	fa31c870a1265d15fd8e350145a1085ebf3e0fb1	pull_request	2026-09-14T11:36:02Z	fetched
34834492578	1	103945160050	e2e	completed	skipped	07aa1e606000cf9dff8b015fae4797b45253ffd6	push	2026-09-14T10:42:16Z	HTTPError: HTTP Error 404: The specified blob does not exist.
34834492578	1	103945160464	app	completed	skipped	07aa1e606000cf9dff8b015fae4797b45253ffd6	push	2026-09-14T10:42:16Z	HTTPError: HTTP Error 404: The specified blob does not exist.
34802282446	1	103847218973	app	completed	skipped	5fe3b78c0f9679ad5821e3a00125f0dae82d0478	pull_request	2026-09-14T03:20:38Z	HTTPError: HTTP Error 404: The specified blob does not exist.
34802282446	1	103847219294	e2e	completed	skipped	5fe3b78c0f9679ad5821e3a00125f0dae82d0478	pull_request	2026-09-14T03:20:38Z	HTTPError: HTTP Error 404: The specified blob does not exist.
34800906961	1	103843248032	app	completed	success	d4550305fe4b560f749ad4b0082c6a5c9d62c069	push	2026-09-14T02:57:00Z	fetched
34800906961	1	103843248051	e2e	completed	success	d4550305fe4b560f749ad4b0082c6a5c9d62c069	push	2026-09-14T02:57:00Z	fetched
34800328047	1	103841576746	app	completed	success	589cd481862eba79ed62064b3b1c73b9395c7817	pull_request	2026-09-14T02:46:25Z	fetched
34800328047	1	103841576816	e2e	completed	success	589cd481862eba79ed62064b3b1c73b9395c7817	pull_request	2026-09-14T02:46:25Z	fetched
34799622193	1	103839493597	e2e	completed	success	55031f6bb4f11348b25c2777669b7abf47ec740c	push	2026-09-14T02:33:46Z	fetched
34799622193	1	103839493700	app	completed	success	55031f6bb4f11348b25c2777669b7abf47ec740c	push	2026-09-14T02:33:46Z	fetched
34799404259	1	103838874158	app	completed	skipped	be7838aab4d5ec812b46fd82356e029ee5c6bec9	push	2026-09-14T02:29:55Z	HTTPError: HTTP Error 404: The specified blob does not exist.
34799404259	1	103838874436	e2e	completed	skipped	be7838aab4d5ec812b46fd82356e029ee5c6bec9	push	2026-09-14T02:29:55Z	HTTPError: HTTP Error 404: The specified blob does not exist.
34799143594	1	103838115899	app	completed	skipped	f8fc9707d5a4a412b9a4e39b907cf8f06dce87e3	pull_request	2026-09-14T02:25:12Z	HTTPError: HTTP Error 404: The specified blob does not exist.
34799143594	1	103838116181	e2e	completed	skipped	f8fc9707d5a4a412b9a4e39b907cf8f06dce87e3	pull_request	2026-09-14T02:25:12Z	HTTPError: HTTP Error 404: The specified blob does not exist.
34799065542	1	103837891320	app	completed	skipped	92b2abd3d425c916c86c4506ca266f57d29b963e	pull_request	2026-09-14T02:23:48Z	HTTPError: HTTP Error 404: The specified blob does not exist.
34799065542	1	103837891369	e2e	completed	skipped	92b2abd3d425c916c86c4506ca266f57d29b963e	pull_request	2026-09-14T02:23:48Z	HTTPError: HTTP Error 404: The specified blob does not exist.
34799037362	1	103837801059	e2e	completed	success	45dee8aac415edc25f914c9dea547d33f54cd644	pull_request	2026-09-14T02:23:17Z	fetched
34799037362	1	103837801219	app	completed	success	45dee8aac415edc25f914c9dea547d33f54cd644	pull_request	2026-09-14T02:23:17Z	fetched
34798269211	1	103835561361	app	completed	success	3d4cde1bcbae7a7e8f12c25b9f4de0c9faf1d29b	pull_request	2026-09-14T02:09:46Z	fetched
34798269211	1	103835561386	e2e	completed	failure	3d4cde1bcbae7a7e8f12c25b9f4de0c9faf1d29b	pull_request	2026-09-14T02:09:46Z	fetched
34798269211	2	103837341739	e2e	completed	success	3d4cde1bcbae7a7e8f12c25b9f4de0c9faf1d29b	pull_request	2026-09-14T02:09:46Z	fetched
34798269211	2	103837342272	app	completed	success	3d4cde1bcbae7a7e8f12c25b9f4de0c9faf1d29b	pull_request	2026-09-14T02:09:46Z	fetched
34798089092	1	103835044720	e2e	completed	success	436c38b8b344e52ec7c4b2dd04c76c40dee43b4c	push	2026-09-14T02:06:36Z	fetched
34798089092	1	103835044737	app	completed	success	436c38b8b344e52ec7c4b2dd04c76c40dee43b4c	push	2026-09-14T02:06:36Z	fetched
34797615977	1	103833697818	e2e	completed	success	c8659d6e42dc0a0e219555dfcf06acc0a6acf96a	pull_request	2026-09-14T01:58:07Z	fetched
34797615977	1	103833697867	app	completed	success	c8659d6e42dc0a0e219555dfcf06acc0a6acf96a	pull_request	2026-09-14T01:58:07Z	fetched
34797402600	1	103833094325	app	completed	success	4cf68bd32bf0aae7668f728c4c29445803e1760a	pull_request	2026-09-14T01:54:12Z	fetched
34797402600	1	103833094401	e2e	completed	success	4cf68bd32bf0aae7668f728c4c29445803e1760a	pull_request	2026-09-14T01:54:12Z	fetched
34796535428	1	103830642576	e2e	completed	success	e1f236db72986421b75d74fb733368a9fb1b4994	pull_request	2026-09-14T01:37:44Z	fetched
34796535428	1	103830642650	app	completed	success	e1f236db72986421b75d74fb733368a9fb1b4994	pull_request	2026-09-14T01:37:44Z	fetched
34795967862	1	103829038779	e2e	completed	failure	c0517e4eee6a5fff8e1a17e6f74acdf828a067af	pull_request	2026-09-14T01:27:19Z	fetched
34795967862	1	103829038812	app	completed	success	c0517e4eee6a5fff8e1a17e6f74acdf828a067af	pull_request	2026-09-14T01:27:19Z	fetched
34795360031	1	103827290935	e2e	completed	success	6927237a1b49c0dceb3a9637f6fe4b0eeafcadc2	pull_request	2026-09-14T01:15:57Z	fetched
34795360031	1	103827290950	app	completed	success	6927237a1b49c0dceb3a9637f6fe4b0eeafcadc2	pull_request	2026-09-14T01:15:57Z	fetched
34794095358	1	103823772824	app	completed	success	d0bbfcfa60ce713851cbe78fa088449adb272d2e	pull_request	2026-09-14T00:53:17Z	fetched
34794095358	1	103823772830	e2e	completed	success	d0bbfcfa60ce713851cbe78fa088449adb272d2e	pull_request	2026-09-14T00:53:17Z	fetched
34791927656	1	103817673759	app	completed	success	10ed2c2a591bc3e83b573c934419c69b29124b16	push	2026-09-14T00:12:04Z	fetched
34791927656	1	103817673772	e2e	completed	success	10ed2c2a591bc3e83b573c934419c69b29124b16	push	2026-09-14T00:12:04Z	fetched
34791230213	1	103815740677	app	completed	success	15d36072151719c9b28e038d7a818a1b6407983f	pull_request	2026-09-13T23:59:00Z	fetched
34791230213	1	103815740688	e2e	completed	success	15d36072151719c9b28e038d7a818a1b6407983f	pull_request	2026-09-13T23:59:00Z	fetched
34790357421	1	103813325018	e2e	completed	success	efcad1c8b64f5e6ca438b5c8210c81b786b3f6d6	pull_request	2026-09-13T23:40:01Z	fetched
34790357421	1	103813325098	app	completed	success	efcad1c8b64f5e6ca438b5c8210c81b786b3f6d6	pull_request	2026-09-13T23:40:01Z	fetched
34789744646	1	103811667837	e2e	completed	success	9fb88c40d89284543ed9bb4921b1d4ef603a1741	pull_request	2026-09-13T23:27:16Z	fetched
34789744646	1	103811667887	app	completed	success	9fb88c40d89284543ed9bb4921b1d4ef603a1741	pull_request	2026-09-13T23:27:16Z	fetched
34788947029	1	103809484030	e2e	completed	success	022215252848250e168259f7564306f828761809	pull_request	2026-09-13T23:10:47Z	fetched
34788947029	1	103809484171	app	completed	success	022215252848250e168259f7564306f828761809	pull_request	2026-09-13T23:10:47Z	fetched
34786426089	1	103802665510	e2e	completed	success	4f9b8d66c0a8ba873a6a8650504bb6f747b61d56	pull_request	2026-09-13T22:19:03Z	fetched
34786426089	1	103802665513	app	completed	success	4f9b8d66c0a8ba873a6a8650504bb6f747b61d56	pull_request	2026-09-13T22:19:03Z	fetched
34785286711	1	103799543410	e2e	completed	success	1ce76ca90da60d3e7f0bc32c81e63d831439ff7d	pull_request	2026-09-13T21:56:21Z	fetched
34785286711	1	103799543546	app	completed	success	1ce76ca90da60d3e7f0bc32c81e63d831439ff7d	pull_request	2026-09-13T21:56:21Z	fetched
34784823515	1	103798283608	e2e	completed	success	d8a5d038b2cec38c910ffc7cabf22c4685db27f2	pull_request	2026-09-13T21:46:31Z	fetched
34784823515	1	103798283629	app	completed	success	d8a5d038b2cec38c910ffc7cabf22c4685db27f2	pull_request	2026-09-13T21:46:31Z	fetched
34784599362	1	103797687963	e2e	completed	success	50934fc61a849e2749b5e7aa03358285777e4b81	pull_request	2026-09-13T21:41:57Z	fetched
34784599362	1	103797687965	app	completed	success	50934fc61a849e2749b5e7aa03358285777e4b81	pull_request	2026-09-13T21:41:57Z	fetched
34782207718	1	103791176102	app	completed	success	e591496e49e2ec679af7b19e2dd473a38d036452	pull_request	2026-09-13T20:54:39Z	fetched
34782207718	1	103791176142	e2e	completed	success	e591496e49e2ec679af7b19e2dd473a38d036452	pull_request	2026-09-13T20:54:39Z	fetched
34775912522	1	103773882010	e2e	completed	success	7df1cdb3e9e16460f0a0e2088b41ef2be083fac8	pull_request	2026-09-13T18:51:26Z	fetched
34775912522	1	103773882051	app	completed	success	7df1cdb3e9e16460f0a0e2088b41ef2be083fac8	pull_request	2026-09-13T18:51:26Z	fetched
34775314694	1	103772275659	app	completed	success	e24b09807caf4d2f806d6d3cb19c3d1c78d23631	pull_request	2026-09-13T18:39:42Z	fetched
34775314694	1	103772275679	e2e	completed	success	e24b09807caf4d2f806d6d3cb19c3d1c78d23631	pull_request	2026-09-13T18:39:42Z	fetched
34774447356	1	103769879471	app	completed	success	1a0e92c479556ed9574e3c89b5f3ba0c7b41e785	pull_request	2026-09-13T18:22:59Z	fetched
34774447356	1	103769879503	e2e	completed	success	1a0e92c479556ed9574e3c89b5f3ba0c7b41e785	pull_request	2026-09-13T18:22:59Z	fetched
34773361482	1	103766923063	e2e	completed	success	f69f388ba38deb2ef1d3d291d0b5b0f2cd51b352	pull_request	2026-09-13T18:01:55Z	fetched
34773361482	1	103766923064	app	completed	success	f69f388ba38deb2ef1d3d291d0b5b0f2cd51b352	pull_request	2026-09-13T18:01:55Z	fetched
34766811350	1	103749150856	e2e	completed	success	d3283ba6b610c23587992ee157b62895b24a6a7f	push	2026-09-13T15:50:43Z	fetched
34766811350	1	103749150930	app	completed	success	d3283ba6b610c23587992ee157b62895b24a6a7f	push	2026-09-13T15:50:43Z	fetched
34766738759	1	103748950561	e2e	completed	success	86ed0636fd37c5969bdd369813534c4690de964d	pull_request	2026-09-13T15:49:14Z	fetched
34766738759	1	103748950564	app	completed	success	86ed0636fd37c5969bdd369813534c4690de964d	pull_request	2026-09-13T15:49:14Z	fetched
34766255900	1	103747659753	app	completed	success	9b2286b0c6d8cd3d57e6f32b1499e74059dac73f	pull_request	2026-09-13T15:39:27Z	fetched
34766255900	1	103747659929	e2e	completed	success	9b2286b0c6d8cd3d57e6f32b1499e74059dac73f	pull_request	2026-09-13T15:39:27Z	fetched
34766043576	1	103747117719	app	completed	success	9d4539ac99b7fcf596ff8939b3636f2221d8c1ab	pull_request	2026-09-13T15:35:09Z	fetched
34766043576	1	103747117720	e2e	completed	success	9d4539ac99b7fcf596ff8939b3636f2221d8c1ab	pull_request	2026-09-13T15:35:09Z	fetched
34765677198	1	103746124903	app	completed	success	67758f433aa4e0c8f622e4ef33a4d03e1ed2a17e	push	2026-09-13T15:27:55Z	fetched
34765677198	1	103746124941	e2e	completed	success	67758f433aa4e0c8f622e4ef33a4d03e1ed2a17e	push	2026-09-13T15:27:55Z	fetched
34764644885	1	103743361490	app	completed	success	d48ff27b50f15786771ee93165aedeadfeb23580	pull_request	2026-09-13T15:07:17Z	fetched
34764644885	1	103743361528	e2e	completed	success	d48ff27b50f15786771ee93165aedeadfeb23580	pull_request	2026-09-13T15:07:17Z	fetched
34760809954	1	103733217266	app	completed	skipped	99f82298e2bf606bdcedf1e0e9beb39c5331664d	push	2026-09-13T13:47:13Z	HTTPError: HTTP Error 404: The specified blob does not exist.
34760809954	1	103733217441	e2e	completed	skipped	99f82298e2bf606bdcedf1e0e9beb39c5331664d	push	2026-09-13T13:47:13Z	HTTPError: HTTP Error 404: The specified blob does not exist.
34760569704	1	103732583481	e2e	completed	skipped	4ad2208e16a994cd66f7da26c6f1d05308538b7f	pull_request	2026-09-13T13:42:02Z	HTTPError: HTTP Error 404: The specified blob does not exist.
34760569704	1	103732583701	app	completed	skipped	4ad2208e16a994cd66f7da26c6f1d05308538b7f	pull_request	2026-09-13T13:42:02Z	HTTPError: HTTP Error 404: The specified blob does not exist.
34760323539	1	103731927798	app	completed	success	30fd5cc0e5ffe01d4e9d0d51a5f3252f668bf657	push	2026-09-13T13:36:37Z	fetched
34760323539	1	103731927817	e2e	completed	success	30fd5cc0e5ffe01d4e9d0d51a5f3252f668bf657	push	2026-09-13T13:36:37Z	fetched
34760290414	1	103731847727	app	completed	skipped	90a9c97fd35c5454ad767d9b8e4df0eb2f7d9e7f	pull_request	2026-09-13T13:35:58Z	HTTPError: HTTP Error 404: The specified blob does not exist.
34760290414	1	103731848167	e2e	completed	skipped	90a9c97fd35c5454ad767d9b8e4df0eb2f7d9e7f	pull_request	2026-09-13T13:35:58Z	HTTPError: HTTP Error 404: The specified blob does not exist.
34759868375	1	103730705059	app	completed	success	c71f7142288a7f3bfe9c6d2d2c3cf8fb42c2a816	pull_request	2026-09-13T13:26:54Z	fetched
34759868375	1	103730705093	e2e	completed	success	c71f7142288a7f3bfe9c6d2d2c3cf8fb42c2a816	pull_request	2026-09-13T13:26:54Z	fetched
34759452272	1	103729565800	e2e	completed	success	f3fd75993df76a653a0e3371e35feea0afc16ab9	pull_request	2026-09-13T13:18:05Z	fetched
34759452272	1	103729565831	app	completed	success	f3fd75993df76a653a0e3371e35feea0afc16ab9	pull_request	2026-09-13T13:18:05Z	fetched
34758934773	1	103728163956	e2e	completed	success	9e5ac4bc142cf70877841645981878c0624f5a4c	pull_request	2026-09-13T13:07:01Z	fetched
34758934773	1	103728163960	app	completed	success	9e5ac4bc142cf70877841645981878c0624f5a4c	pull_request	2026-09-13T13:07:01Z	fetched
34758718901	1	103727591958	app	completed	success	6858f89c6917d6fc650895b7b087f2b2eddb6187	push	2026-09-13T13:02:27Z	fetched
34758718901	1	103727591973	e2e	completed	success	6858f89c6917d6fc650895b7b087f2b2eddb6187	push	2026-09-13T13:02:27Z	fetched
34758268735	1	103726390338	e2e	completed	success	2e86f8681b54b653b95cdf3061c38c2d240f5bad	pull_request	2026-09-13T12:52:13Z	fetched
34758268735	1	103726390347	app	completed	success	2e86f8681b54b653b95cdf3061c38c2d240f5bad	pull_request	2026-09-13T12:52:13Z	fetched
34744318413	1	103689299296	e2e	completed	success	d54d74ec8fa17138a89507f6706e60f9e247752a	pull_request	2026-09-13T07:04:22Z	fetched
34744318413	1	103689299302	app	completed	success	d54d74ec8fa17138a89507f6706e60f9e247752a	pull_request	2026-09-13T07:04:22Z	fetched
34744043747	1	103688539621	app	completed	success	7de278565be1db3214fd893a7a702b50f6687690	pull_request	2026-09-13T06:57:55Z	fetched
34744043747	1	103688539681	e2e	completed	success	7de278565be1db3214fd893a7a702b50f6687690	pull_request	2026-09-13T06:57:55Z	fetched
34743831087	1	103688037658	app	completed	success	469a042fba4032cf51c8995b0defd39e63a4f197	pull_request	2026-09-13T06:52:39Z	fetched
34743831087	1	103688037660	e2e	completed	success	469a042fba4032cf51c8995b0defd39e63a4f197	pull_request	2026-09-13T06:52:39Z	fetched
34739230513	1	103675991360	e2e	completed	success	6930c482e6f29f7f2478955809c3f9cf0e87f603	pull_request	2026-09-13T05:00:39Z	fetched
34739230513	1	103675991386	app	completed	success	6930c482e6f29f7f2478955809c3f9cf0e87f603	pull_request	2026-09-13T05:00:39Z	fetched
34739124484	1	103675702300	e2e	completed	success	36bcd8885743beb81dc40c309e21e0ea2f4d904c	pull_request	2026-09-13T04:57:54Z	fetched
34739124484	1	103675702306	app	completed	success	36bcd8885743beb81dc40c309e21e0ea2f4d904c	pull_request	2026-09-13T04:57:54Z	fetched
34737876236	1	103672406399	e2e	completed	failure	4c34ae6cbf92c44623b817ad5eae2f6a6102d9b7	pull_request	2026-09-13T04:26:04Z	fetched
34737876236	1	103672406402	app	completed	success	4c34ae6cbf92c44623b817ad5eae2f6a6102d9b7	pull_request	2026-09-13T04:26:04Z	fetched
34737876236	2	103725858826	e2e	completed	success	4c34ae6cbf92c44623b817ad5eae2f6a6102d9b7	pull_request	2026-09-13T04:26:04Z	fetched
34737876236	2	103725859271	app	completed	success	4c34ae6cbf92c44623b817ad5eae2f6a6102d9b7	pull_request	2026-09-13T04:26:04Z	fetched
34733391963	1	103660314310	e2e	completed	skipped	080c3e22724f873ad5e28a775cb6aaa141d1fd59	push	2026-09-13T02:34:41Z	HTTPError: HTTP Error 404: The specified blob does not exist.
34733391963	1	103660314680	app	completed	skipped	080c3e22724f873ad5e28a775cb6aaa141d1fd59	push	2026-09-13T02:34:41Z	HTTPError: HTTP Error 404: The specified blob does not exist.
34731851180	1	103655997217	app	completed	skipped	449a7c6fc9b63016be6e816de11ab464847a3df5	pull_request	2026-09-13T01:58:18Z	HTTPError: HTTP Error 404: The specified blob does not exist.
34731851180	1	103655997243	e2e	completed	skipped	449a7c6fc9b63016be6e816de11ab464847a3df5	pull_request	2026-09-13T01:58:18Z	HTTPError: HTTP Error 404: The specified blob does not exist.
34730843792	1	103653254253	e2e	completed	success	60ee51b915d8a67620e03d52832218217b3bde72	push	2026-09-13T01:33:50Z	fetched
34730843792	1	103653254266	app	completed	success	60ee51b915d8a67620e03d52832218217b3bde72	push	2026-09-13T01:33:50Z	fetched
34729817019	1	103650452664	e2e	completed	success	153b648da9a0151ef7bf133a39504389542b85c1	pull_request	2026-09-13T01:09:30Z	fetched
34729817019	1	103650452670	app	completed	success	153b648da9a0151ef7bf133a39504389542b85c1	pull_request	2026-09-13T01:09:30Z	fetched
34729538883	1	103649686466	e2e	completed	success	f69871cb3d75ce438d48d9b3d2b8a84f113b4853	push	2026-09-13T01:02:58Z	fetched
34729538883	1	103649686517	app	completed	success	f69871cb3d75ce438d48d9b3d2b8a84f113b4853	push	2026-09-13T01:02:58Z	fetched
34729065523	1	103648424857	e2e	completed	success	11b80d867c7a52220c4e20f43016a7bc5cfe0e12	pull_request	2026-09-13T00:52:03Z	fetched
34729065523	1	103648424871	app	completed	success	11b80d867c7a52220c4e20f43016a7bc5cfe0e12	pull_request	2026-09-13T00:52:03Z	fetched
34728798485	1	103647701965	app	completed	success	f8c33433dceacd29d0add1f9952dd265bbb69173	push	2026-09-13T00:45:41Z	fetched
34728798485	1	103647701974	e2e	completed	success	f8c33433dceacd29d0add1f9952dd265bbb69173	push	2026-09-13T00:45:41Z	fetched
34728587184	1	103647145222	e2e	completed	success	e0b8626ee93cb013c14415bd6ab6dba47c18f0a4	pull_request	2026-09-13T00:40:58Z	fetched
34728587184	1	103647145293	app	completed	success	e0b8626ee93cb013c14415bd6ab6dba47c18f0a4	pull_request	2026-09-13T00:40:58Z	fetched
34728285003	1	103646317651	app	completed	success	a63ff7c27117591f2d65432a66d54f37e08cffd6	pull_request	2026-09-13T00:33:48Z	fetched
34728285003	1	103646317652	e2e	completed	success	a63ff7c27117591f2d65432a66d54f37e08cffd6	pull_request	2026-09-13T00:33:48Z	fetched
34728176296	1	103646006835	app	completed	success	ae4d8df2441ef4f4123f0859c137f0dc7cad1dd6	push	2026-09-13T00:31:12Z	fetched
34728176296	1	103646006860	e2e	completed	failure	ae4d8df2441ef4f4123f0859c137f0dc7cad1dd6	push	2026-09-13T00:31:12Z	fetched
34728051524	1	103645672420	e2e	completed	success	118ab8886cb60ec0b256b06b013dd560e534c691	pull_request	2026-09-13T00:28:28Z	fetched
34728051524	1	103645672429	app	completed	success	118ab8886cb60ec0b256b06b013dd560e534c691	pull_request	2026-09-13T00:28:28Z	fetched
34727390794	1	103643868894	e2e	completed	success	bc7798ebd9411003760ac3f1b30387889795ebee	pull_request	2026-09-13T00:12:49Z	fetched
34727390794	1	103643868904	app	completed	success	bc7798ebd9411003760ac3f1b30387889795ebee	pull_request	2026-09-13T00:12:49Z	fetched
34727266534	1	103643529201	e2e	completed	success	3aa41fbef478b1961a968f7e54903a3b188716c2	push	2026-09-13T00:09:55Z	fetched
34727266534	1	103643529203	app	completed	success	3aa41fbef478b1961a968f7e54903a3b188716c2	push	2026-09-13T00:09:55Z	fetched
34727195093	1	103643332415	e2e	completed	success	9f64b80a1ea3812ba9286b60ecc252196f6af873	pull_request	2026-09-13T00:08:14Z	fetched
34727195093	1	103643332420	app	completed	failure	9f64b80a1ea3812ba9286b60ecc252196f6af873	pull_request	2026-09-13T00:08:14Z	fetched
34726840131	1	103642377243	e2e	completed	success	7e8909790d263bae394c29bafb8a2bfe74c67ad8	pull_request	2026-09-13T00:00:19Z	fetched
34726840131	1	103642377318	app	completed	success	7e8909790d263bae394c29bafb8a2bfe74c67ad8	pull_request	2026-09-13T00:00:19Z	fetched
34725925560	1	103639927386	app	completed	success	8494256dd4454afd00994717b23c4b9013049ebe	push	2026-09-12T23:37:57Z	fetched
34725925560	1	103639927391	e2e	completed	success	8494256dd4454afd00994717b23c4b9013049ebe	push	2026-09-12T23:37:57Z	fetched
34725294411	1	103638286650	e2e	completed	success	cfc06cb7918006c9fe0b65d08290862854326bd1	pull_request	2026-09-12T23:23:36Z	fetched
34725294411	1	103638286682	app	completed	success	cfc06cb7918006c9fe0b65d08290862854326bd1	pull_request	2026-09-12T23:23:36Z	fetched
34725179236	1	103637982773	e2e	completed	success	f876119566f8e7ec02be282fd0151d5f3f9d9edd	pull_request	2026-09-12T23:21:02Z	fetched
34725179236	1	103637982783	app	completed	success	f876119566f8e7ec02be282fd0151d5f3f9d9edd	pull_request	2026-09-12T23:21:02Z	fetched
34723991319	1	103634822065	e2e	completed	skipped	f705f00289911e8b0aa528574beb7b7119b34027	push	2026-09-12T22:54:21Z	HTTPError: HTTP Error 404: The specified blob does not exist.
34723991319	1	103634822285	app	completed	skipped	f705f00289911e8b0aa528574beb7b7119b34027	push	2026-09-12T22:54:21Z	HTTPError: HTTP Error 404: The specified blob does not exist.
34723483049	1	103633459364	e2e	completed	skipped	f4ab831acb6dc2c690c9f776ab470eedb4e1e56f	pull_request	2026-09-12T22:42:43Z	HTTPError: HTTP Error 404: The specified blob does not exist.
34723483049	1	103633459527	app	completed	skipped	f4ab831acb6dc2c690c9f776ab470eedb4e1e56f	pull_request	2026-09-12T22:42:43Z	HTTPError: HTTP Error 404: The specified blob does not exist.
34722809211	1	103631667216	e2e	completed	success	b2e26701a00ee564260a4172b2b9ffa9c1f12e43	push	2026-09-12T22:27:31Z	fetched
34722809211	1	103631667230	app	completed	success	b2e26701a00ee564260a4172b2b9ffa9c1f12e43	push	2026-09-12T22:27:31Z	fetched
34722340452	1	103630420161	app	completed	success	24cb300ead189a8fbe5a0b8b91bc2f75a3b429b7	pull_request	2026-09-12T22:17:37Z	fetched
34722340452	1	103630420172	e2e	completed	success	24cb300ead189a8fbe5a0b8b91bc2f75a3b429b7	pull_request	2026-09-12T22:17:37Z	fetched
34721734131	1	103628808668	e2e	completed	success	05b97f9a865dc80b1deaf9bc86886611d026627b	pull_request	2026-09-12T22:04:46Z	fetched
34721734131	1	103628808680	app	completed	success	05b97f9a865dc80b1deaf9bc86886611d026627b	pull_request	2026-09-12T22:04:46Z	fetched
34717818059	1	103618146975	e2e	completed	success	bed5c1e4a1dccd6ecbc472df51fcb659a3e17196	push	2026-09-12T20:41:18Z	fetched
34717818059	1	103618146976	app	completed	success	bed5c1e4a1dccd6ecbc472df51fcb659a3e17196	push	2026-09-12T20:41:18Z	fetched
34717329520	1	103616836788	app	completed	success	9a6db3ddbe449eb2e843d48ea8da3545b3841627	pull_request	2026-09-12T20:31:08Z	fetched
34717329520	1	103616836803	e2e	completed	success	9a6db3ddbe449eb2e843d48ea8da3545b3841627	pull_request	2026-09-12T20:31:08Z	fetched
34717194721	1	103616563790	app	completed	success	07f5f845e72aba2bc9c38e365acd47a9077a4c59	push	2026-09-12T20:28:30Z	fetched
34717194721	1	103616563793	e2e	completed	success	07f5f845e72aba2bc9c38e365acd47a9077a4c59	push	2026-09-12T20:28:30Z	fetched
34716684793	1	103615119890	e2e	completed	success	a0c0577a8976fee1ae17def19bafae7dce035bdb	pull_request	2026-09-12T20:18:02Z	fetched
34716684793	1	103615119898	app	completed	success	a0c0577a8976fee1ae17def19bafae7dce035bdb	pull_request	2026-09-12T20:18:02Z	fetched
34716621034	1	103614941615	e2e	completed	success	ab067d19a4dbdee31bbde2cc04ce9d88cb7edf80	pull_request	2026-09-12T20:16:42Z	fetched
34716621034	1	103614941661	app	completed	success	ab067d19a4dbdee31bbde2cc04ce9d88cb7edf80	pull_request	2026-09-12T20:16:42Z	fetched
34716464199	1	103614524161	e2e	completed	success	997824d6806b13191d7d351ea2e5bbf6e9363e50	pull_request	2026-09-12T20:13:38Z	fetched
34716464199	1	103614524199	app	completed	success	997824d6806b13191d7d351ea2e5bbf6e9363e50	pull_request	2026-09-12T20:13:38Z	fetched
34715688278	1	103612424780	e2e	completed	skipped	3137fb25877f602a3f8bd0dd5c2923225aa51ec3	push	2026-09-12T19:58:07Z	HTTPError: HTTP Error 404: The specified blob does not exist.
34715688278	1	103612424913	app	completed	skipped	3137fb25877f602a3f8bd0dd5c2923225aa51ec3	push	2026-09-12T19:58:07Z	HTTPError: HTTP Error 404: The specified blob does not exist.
34714697183	1	103609805923	e2e	completed	skipped	46a231f3a3229b3065c33d3f5afce4c478c38c9e	pull_request	2026-09-12T19:37:14Z	HTTPError: HTTP Error 404: The specified blob does not exist.
34714697183	1	103609806385	app	completed	skipped	46a231f3a3229b3065c33d3f5afce4c478c38c9e	pull_request	2026-09-12T19:37:14Z	HTTPError: HTTP Error 404: The specified blob does not exist.
34709921218	1	103596722341	e2e	completed	success	3fc4976739ec1af1c80c4f49dd5b0ebb86bb1e9c	push	2026-09-12T18:01:07Z	fetched
34709921218	1	103596722366	app	completed	success	3fc4976739ec1af1c80c4f49dd5b0ebb86bb1e9c	push	2026-09-12T18:01:07Z	fetched
34709512865	1	103595594850	e2e	completed	success	55400ac32329a6e55f453dfd9ec6ba66db760eeb	push	2026-09-12T17:52:22Z	fetched
34709512865	1	103595594860	app	completed	success	55400ac32329a6e55f453dfd9ec6ba66db760eeb	push	2026-09-12T17:52:22Z	fetched
34709456921	1	103595436476	e2e	completed	success	48af2429fa3a82e25906fad08083cedc78c675c6	pull_request	2026-09-12T17:51:10Z	fetched
34709456921	1	103595436499	app	completed	success	48af2429fa3a82e25906fad08083cedc78c675c6	pull_request	2026-09-12T17:51:10Z	fetched
34709060405	1	103594382206	e2e	completed	success	f69ca5f4b0f4a081fb6ab40151a2f84fdcaf6547	pull_request	2026-09-12T17:43:10Z	fetched
34709060405	1	103594382221	app	completed	success	f69ca5f4b0f4a081fb6ab40151a2f84fdcaf6547	pull_request	2026-09-12T17:43:10Z	fetched
34709031772	1	103594296422	e2e	completed	success	5fdecc9f425748819dbc76ec3d2591d02b8ca61c	pull_request	2026-09-12T17:42:34Z	fetched
34709031772	1	103594296425	app	completed	success	5fdecc9f425748819dbc76ec3d2591d02b8ca61c	pull_request	2026-09-12T17:42:34Z	fetched
34708990320	1	103594186640	e2e	completed	success	18da4738f681ee24213bb82c1e666a3254c8129f	pull_request	2026-09-12T17:41:40Z	fetched
34708990320	1	103594186641	app	completed	success	18da4738f681ee24213bb82c1e666a3254c8129f	pull_request	2026-09-12T17:41:40Z	fetched
34708042434	1	103591604977	app	completed	success	deb50b77c7da223deb0905c60adced7619a6c0d0	push	2026-09-12T17:22:36Z	fetched
34708042434	1	103591605114	e2e	completed	success	deb50b77c7da223deb0905c60adced7619a6c0d0	push	2026-09-12T17:22:36Z	fetched
34707686049	1	103590636205	app	completed	success	eed6ce1a1783348d3fa498c6b126b4e2f90bdc1c	push	2026-09-12T17:15:32Z	fetched
34707686049	1	103590636225	e2e	completed	success	eed6ce1a1783348d3fa498c6b126b4e2f90bdc1c	push	2026-09-12T17:15:32Z	fetched
34707505571	1	103590160256	e2e	completed	success	cf0650b19cd0a00630a5a3cbf1bb79d544d73b35	pull_request	2026-09-12T17:12:00Z	fetched
34707505571	1	103590160291	app	completed	success	cf0650b19cd0a00630a5a3cbf1bb79d544d73b35	pull_request	2026-09-12T17:12:00Z	fetched
34707020186	1	103588831464	app	completed	success	9627534cd47ba1d9f8929b5a12aec53bd9cd134a	pull_request	2026-09-12T17:02:19Z	fetched
34707020186	1	103588831575	e2e	completed	success	9627534cd47ba1d9f8929b5a12aec53bd9cd134a	pull_request	2026-09-12T17:02:19Z	fetched
34706952415	1	103588659252	e2e	completed	success	61957fac87e28577a310c1c21fd0b822674c85b2	pull_request	2026-09-12T17:01:01Z	fetched
34706952415	1	103588659285	app	completed	success	61957fac87e28577a310c1c21fd0b822674c85b2	pull_request	2026-09-12T17:01:01Z	fetched
34706343030	1	103586989999	app	completed	success	82dfba590867b063127aff32546233e298be8e75	pull_request	2026-09-12T16:48:21Z	fetched
34706343030	1	103586990002	e2e	completed	success	82dfba590867b063127aff32546233e298be8e75	pull_request	2026-09-12T16:48:21Z	fetched
34705690849	1	103585235787	e2e	completed	success	60b9a6c19487c392528728e0e06fe88f2b76a7f5	pull_request	2026-09-12T16:35:14Z	fetched
34705690849	1	103585235831	app	completed	success	60b9a6c19487c392528728e0e06fe88f2b76a7f5	pull_request	2026-09-12T16:35:14Z	fetched
34704713852	1	103582687595	app	completed	success	6c0c871a609f34327cf84e087551902ed95e8590	pull_request	2026-09-12T16:16:16Z	fetched
34704713852	1	103582687626	e2e	completed	success	6c0c871a609f34327cf84e087551902ed95e8590	pull_request	2026-09-12T16:16:16Z	fetched
34704559558	1	103582181672	e2e	completed	skipped	5c1676af5d44dc12672506cf724f48ef2a9fe2e7	push	2026-09-12T16:13:14Z	HTTPError: HTTP Error 404: The specified blob does not exist.
34704559558	1	103582181946	app	completed	skipped	5c1676af5d44dc12672506cf724f48ef2a9fe2e7	push	2026-09-12T16:13:14Z	HTTPError: HTTP Error 404: The specified blob does not exist.
34704204268	1	103581218577	e2e	completed	success	088c57020ae6ae1692c2c63bf31e0134072a8fca	pull_request	2026-09-12T16:06:04Z	fetched
34704204268	1	103581218629	app	completed	success	088c57020ae6ae1692c2c63bf31e0134072a8fca	pull_request	2026-09-12T16:06:04Z	fetched
34701123507	1	103572992485	app	completed	success	4aa3d132f957d93ce62b72cf3e95959d1a17e8b7	push	2026-09-12T15:04:25Z	fetched
34701123507	1	103572992500	e2e	completed	success	4aa3d132f957d93ce62b72cf3e95959d1a17e8b7	push	2026-09-12T15:04:25Z	fetched
34701116886	1	103572977021	e2e	completed	success	865170b974c3a44ae626ca2d3c71453b7e95d2f0	pull_request	2026-09-12T15:04:17Z	fetched
34701116886	1	103572977041	app	completed	success	865170b974c3a44ae626ca2d3c71453b7e95d2f0	pull_request	2026-09-12T15:04:17Z	fetched
34701110552	1	103572953359	app	completed	success	b1834b3e0f88409e0cffa87759454511519f66e6	pull_request	2026-09-12T15:04:11Z	fetched
34701110552	1	103572953403	e2e	completed	success	b1834b3e0f88409e0cffa87759454511519f66e6	pull_request	2026-09-12T15:04:11Z	fetched
34700962756	1	103572560087	e2e	completed	skipped	0f761411076089b44e690b69ca1c220d307c5a60	push	2026-09-12T15:01:16Z	HTTPError: HTTP Error 404: The specified blob does not exist.
34700962756	1	103572560283	app	completed	skipped	0f761411076089b44e690b69ca1c220d307c5a60	push	2026-09-12T15:01:16Z	HTTPError: HTTP Error 404: The specified blob does not exist.
34700710360	1	103571879738	app	completed	skipped	cc073cb95073edacb920d62fe2b09fd31e01d0ad	pull_request	2026-09-12T14:55:55Z	HTTPError: HTTP Error 404: The specified blob does not exist.
34700710360	1	103571879747	e2e	completed	skipped	cc073cb95073edacb920d62fe2b09fd31e01d0ad	pull_request	2026-09-12T14:55:55Z	HTTPError: HTTP Error 404: The specified blob does not exist.
34700632793	1	103571670645	app	completed	success	6b31eaf158b81a93ded44f233c305a8e3b4d499f	push	2026-09-12T14:54:14Z	fetched
34700632793	1	103571670676	e2e	completed	success	6b31eaf158b81a93ded44f233c305a8e3b4d499f	push	2026-09-12T14:54:14Z	fetched
34700504092	1	103571327320	app	completed	skipped	745be671fcedd5da1f452ae64d93b09b0af34bd0	pull_request	2026-09-12T14:51:28Z	HTTPError: HTTP Error 404: The specified blob does not exist.
34700504092	1	103571327371	e2e	completed	skipped	745be671fcedd5da1f452ae64d93b09b0af34bd0	pull_request	2026-09-12T14:51:28Z	HTTPError: HTTP Error 404: The specified blob does not exist.
34700485354	1	103571284890	e2e	completed	skipped	3e7978b9aa0b41575562713f2f9f1a7acc81cb93	push	2026-09-12T14:51:05Z	HTTPError: HTTP Error 404: The specified blob does not exist.
34700485354	1	103571285081	app	completed	skipped	3e7978b9aa0b41575562713f2f9f1a7acc81cb93	push	2026-09-12T14:51:05Z	HTTPError: HTTP Error 404: The specified blob does not exist.
34700268946	1	103570699516	app	completed	skipped	0cf94d87ed45544ea4ca66b0a4ea531d5fe666d8	pull_request	2026-09-12T14:46:38Z	HTTPError: HTTP Error 404: The specified blob does not exist.
34700268946	1	103570699665	e2e	completed	skipped	0cf94d87ed45544ea4ca66b0a4ea531d5fe666d8	pull_request	2026-09-12T14:46:38Z	HTTPError: HTTP Error 404: The specified blob does not exist.
34700129872	1	103570348103	e2e	completed	success	c536f59b7601b7d9b02ea2ae407074707a976579	pull_request	2026-09-12T14:43:44Z	fetched
34700129872	1	103570348134	app	completed	success	c536f59b7601b7d9b02ea2ae407074707a976579	pull_request	2026-09-12T14:43:44Z	fetched
34699777825	1	103569396551	e2e	completed	success	d3132909c27afba8e30503c04b6bedd1f5e1204e	push	2026-09-12T14:36:23Z	fetched
34699777825	1	103569396619	app	completed	success	d3132909c27afba8e30503c04b6bedd1f5e1204e	push	2026-09-12T14:36:23Z	fetched
34699658452	1	103569088130	app	completed	success	13adce4ba10498cfc9b3f25cb70360aa4d6add12	push	2026-09-12T14:33:59Z	fetched
34699658452	1	103569088144	e2e	completed	success	13adce4ba10498cfc9b3f25cb70360aa4d6add12	push	2026-09-12T14:33:59Z	fetched
34699225525	1	103567948069	app	completed	success	a00bc9cf8f6d2354a96ce8a2ca76974d4ab64156	pull_request	2026-09-12T14:25:10Z	fetched
34699225525	1	103567948071	e2e	completed	success	a00bc9cf8f6d2354a96ce8a2ca76974d4ab64156	pull_request	2026-09-12T14:25:10Z	fetched
34698827721	1	103566904671	e2e	completed	success	80109b6a2e1d51607e85f08d30a37774873bb83a	pull_request	2026-09-12T14:16:59Z	fetched
34698827721	1	103566904717	app	completed	success	80109b6a2e1d51607e85f08d30a37774873bb83a	pull_request	2026-09-12T14:16:59Z	fetched
34698763934	1	103566733243	app	completed	success	92f97f8eea1f21daf796b9447bdf363cf9e2b217	pull_request	2026-09-12T14:15:38Z	fetched
34698763934	1	103566733252	e2e	completed	success	92f97f8eea1f21daf796b9447bdf363cf9e2b217	pull_request	2026-09-12T14:15:38Z	fetched
34698388297	1	103565755190	e2e	completed	success	53efbaff7cbe9ac01601c8af128c6eeffb42851b	pull_request	2026-09-12T14:08:08Z	fetched
34698388297	1	103565755226	app	completed	success	53efbaff7cbe9ac01601c8af128c6eeffb42851b	pull_request	2026-09-12T14:08:08Z	fetched
34698283002	1	103565469747	app	completed	skipped	4a4f402dc38d0f9aed7e0a18ab1ebcf0bf8199d5	pull_request	2026-09-12T14:05:58Z	HTTPError: HTTP Error 404: The specified blob does not exist.
34698283002	1	103565469797	e2e	completed	skipped	4a4f402dc38d0f9aed7e0a18ab1ebcf0bf8199d5	pull_request	2026-09-12T14:05:58Z	HTTPError: HTTP Error 404: The specified blob does not exist.
34697687007	1	103563914895	app	completed	failure	2fc3e662c28746e5300b845608639771d543ff8c	pull_request	2026-09-12T13:53:34Z	fetched
34697687007	1	103563914931	e2e	completed	success	2fc3e662c28746e5300b845608639771d543ff8c	pull_request	2026-09-12T13:53:34Z	fetched
34697534083	1	103563516975	app	completed	failure	ce82315cf2632014030100ce6c2b8f357a892552	pull_request	2026-09-12T13:50:15Z	fetched
34697534083	1	103563516978	e2e	completed	success	ce82315cf2632014030100ce6c2b8f357a892552	pull_request	2026-09-12T13:50:15Z	fetched
34697370024	1	103563084686	e2e	completed	skipped	6d2454fdf4ff32f56ffbcc1ad74c5c01ecd9dcaa	push	2026-09-12T13:46:49Z	HTTPError: HTTP Error 404: The specified blob does not exist.
34697370024	1	103563085111	app	completed	skipped	6d2454fdf4ff32f56ffbcc1ad74c5c01ecd9dcaa	push	2026-09-12T13:46:49Z	HTTPError: HTTP Error 404: The specified blob does not exist.
34696747873	1	103561455570	app	completed	skipped	51d33d0411a4fce31a0201575a021630e25f672e	pull_request	2026-09-12T13:33:15Z	HTTPError: HTTP Error 404: The specified blob does not exist.
34696747873	1	103561455632	e2e	completed	skipped	51d33d0411a4fce31a0201575a021630e25f672e	pull_request	2026-09-12T13:33:15Z	HTTPError: HTTP Error 404: The specified blob does not exist.
34696376012	1	103560492078	e2e	completed	skipped	e96f5f7b7e78c235ecb82965a421493e08dc0bf9	push	2026-09-12T13:25:10Z	HTTPError: HTTP Error 404: The specified blob does not exist.
34696376012	1	103560492239	app	completed	skipped	e96f5f7b7e78c235ecb82965a421493e08dc0bf9	push	2026-09-12T13:25:10Z	HTTPError: HTTP Error 404: The specified blob does not exist.
34696246801	1	103560149544	e2e	completed	skipped	4a7dcacbebd1ab6c994d66f5031c767d4180c8a9	pull_request	2026-09-12T13:22:22Z	HTTPError: HTTP Error 404: The specified blob does not exist.
34696246801	1	103560149942	app	completed	skipped	4a7dcacbebd1ab6c994d66f5031c767d4180c8a9	pull_request	2026-09-12T13:22:22Z	HTTPError: HTTP Error 404: The specified blob does not exist.
34695980314	1	103559443786	app	completed	success	d647ce43fbc6d3245ce42582cb4f54723fbebf76	push	2026-09-12T13:16:39Z	fetched
34695980314	1	103559443831	e2e	completed	success	d647ce43fbc6d3245ce42582cb4f54723fbebf76	push	2026-09-12T13:16:39Z	fetched
34695562382	1	103558351970	e2e	completed	success	b23fb7e1b2c5c4856a7792ada7e00eaa1b18cb44	pull_request	2026-09-12T13:07:49Z	fetched
34695562382	1	103558352018	app	completed	success	b23fb7e1b2c5c4856a7792ada7e00eaa1b18cb44	pull_request	2026-09-12T13:07:49Z	fetched
34695067209	1	103557126462	app	completed	success	576b09e1c0f7e1e0ff1095e886b38381d9794789	push	2026-09-12T12:57:04Z	fetched
34695067209	1	103557126491	e2e	completed	success	576b09e1c0f7e1e0ff1095e886b38381d9794789	push	2026-09-12T12:57:04Z	fetched
34694606068	1	103555840955	e2e	completed	success	678b2b2dedb9bba2b35efa73dc0827f4ed58cd21	pull_request	2026-09-12T12:46:46Z	fetched
34694606068	1	103555841038	app	completed	success	678b2b2dedb9bba2b35efa73dc0827f4ed58cd21	pull_request	2026-09-12T12:46:46Z	fetched
34694512658	1	103555603338	e2e	completed	success	2d9afd5bd1e12e99ac62f500a13dc6039b126c4e	pull_request	2026-09-12T12:44:49Z	fetched
34694512658	1	103555603344	app	completed	success	2d9afd5bd1e12e99ac62f500a13dc6039b126c4e	pull_request	2026-09-12T12:44:49Z	fetched
34693956167	1	103554118137	e2e	completed	success	ae3249e3432666ff84b10305ffb5c87774523b5e	pull_request	2026-09-12T12:32:34Z	fetched
34693956167	1	103554118162	app	completed	success	ae3249e3432666ff84b10305ffb5c87774523b5e	pull_request	2026-09-12T12:32:34Z	fetched
34692306724	1	103549643656	app	completed	success	51c457fa5d6d08ef11ba8ae3f8ecdf25d73d04c8	push	2026-09-12T11:55:45Z	fetched
34692306724	1	103549643675	e2e	completed	success	51c457fa5d6d08ef11ba8ae3f8ecdf25d73d04c8	push	2026-09-12T11:55:45Z	fetched
34691394370	1	103547193127	app	completed	success	98f3fa0bb0fd0c11601aa21c745e82b90c1bbe59	pull_request	2026-09-12T11:34:25Z	fetched
34691394370	1	103547193165	e2e	completed	success	98f3fa0bb0fd0c11601aa21c745e82b90c1bbe59	pull_request	2026-09-12T11:34:25Z	fetched
34511148585	1	102985373238	e2e	completed	success	d37e39e8d8c679b1fd0db535a94e68d53dd81040	push	2026-09-10T17:55:18Z	fetched
34511148585	1	102985373240	app	completed	success	d37e39e8d8c679b1fd0db535a94e68d53dd81040	push	2026-09-10T17:55:18Z	fetched
34510105619	1	102981930076	e2e	completed	success	c23a379df6d570ef9f282763805f91f010f18dc0	pull_request	2026-09-10T17:45:00Z	fetched
34510105619	1	102981930161	app	completed	success	c23a379df6d570ef9f282763805f91f010f18dc0	pull_request	2026-09-10T17:45:00Z	fetched
34506581316	1	102970247437	app	completed	skipped	8c5da0c5056d4d75c7e61279209583c14f847192	push	2026-09-10T17:10:28Z	HTTPError: HTTP Error 404: The specified blob does not exist.
34506581316	1	102970247453	e2e	completed	skipped	8c5da0c5056d4d75c7e61279209583c14f847192	push	2026-09-10T17:10:28Z	HTTPError: HTTP Error 404: The specified blob does not exist.
34506505384	1	102969965453	app	completed	skipped	2debddd4777c869a13489a3ccbad62f7a1a8006a	pull_request	2026-09-10T17:09:44Z	HTTPError: HTTP Error 404: The specified blob does not exist.
34506505384	1	102969966444	e2e	completed	skipped	2debddd4777c869a13489a3ccbad62f7a1a8006a	pull_request	2026-09-10T17:09:44Z	HTTPError: HTTP Error 404: The specified blob does not exist.
34506008691	1	102968384114	e2e	completed	skipped	92b34826898d0f17efd0059b6c68d6f39cc4ae94	pull_request	2026-09-10T17:04:56Z	HTTPError: HTTP Error 404: The specified blob does not exist.
34506008691	1	102968384152	app	completed	skipped	92b34826898d0f17efd0059b6c68d6f39cc4ae94	pull_request	2026-09-10T17:04:56Z	HTTPError: HTTP Error 404: The specified blob does not exist.
34505604090	1	102967016089	app	completed	skipped	49e6eea585695c2631ecacefc8cdeda7618d1234	pull_request	2026-09-10T17:00:58Z	HTTPError: HTTP Error 404: The specified blob does not exist.
34505604090	1	102967016297	e2e	completed	skipped	49e6eea585695c2631ecacefc8cdeda7618d1234	pull_request	2026-09-10T17:00:58Z	HTTPError: HTTP Error 404: The specified blob does not exist.
34501819590	1	102954274791	app	completed	success	b39d0f7bcb03166722d42ef9afb96e11b5e31996	push	2026-09-10T16:23:46Z	fetched
34501819590	1	102954274845	e2e	completed	success	b39d0f7bcb03166722d42ef9afb96e11b5e31996	push	2026-09-10T16:23:46Z	fetched
34499601730	1	102946836857	e2e	completed	success	ff7038af025af835f13e3dc01ac3dc4f41a9cb62	pull_request	2026-09-10T16:02:57Z	fetched
34499601730	1	102946836992	app	completed	success	ff7038af025af835f13e3dc01ac3dc4f41a9cb62	pull_request	2026-09-10T16:02:57Z	fetched
34497873970	1	102940948750	app	completed	success	11f100795cc9ecba79251b191f07b625e8c3058f	push	2026-09-10T15:46:51Z	fetched
34497873970	1	102940948938	e2e	completed	success	11f100795cc9ecba79251b191f07b625e8c3058f	push	2026-09-10T15:46:51Z	fetched
34496872851	1	102937558901	app	completed	success	f4254e2e213dfab0c4b1c18af4f82d25730d603a	pull_request	2026-09-10T15:37:40Z	fetched
34496872851	1	102937559117	e2e	completed	success	f4254e2e213dfab0c4b1c18af4f82d25730d603a	pull_request	2026-09-10T15:37:40Z	fetched
34482073284	1	102887176766	app	completed	skipped	fc0188d6789631de54e7fde9b098c4228467571d	push	2026-09-10T13:20:54Z	HTTPError: HTTP Error 404: The specified blob does not exist.
34482073284	1	102887176896	e2e	completed	skipped	fc0188d6789631de54e7fde9b098c4228467571d	push	2026-09-10T13:20:54Z	HTTPError: HTTP Error 404: The specified blob does not exist.
34481848202	1	102886437936	e2e	completed	skipped	15695bf21ba56ce146b91db304eaec71e57e61b2	pull_request	2026-09-10T13:18:45Z	HTTPError: HTTP Error 404: The specified blob does not exist.
34481848202	1	102886438749	app	completed	skipped	15695bf21ba56ce146b91db304eaec71e57e61b2	pull_request	2026-09-10T13:18:45Z	HTTPError: HTTP Error 404: The specified blob does not exist.
34481441255	1	102885041456	e2e	completed	skipped	36776a5582b010fcd75d39d910f8fdd0c8745f51	pull_request	2026-09-10T13:14:50Z	HTTPError: HTTP Error 404: The specified blob does not exist.
34481441255	1	102885041754	app	completed	skipped	36776a5582b010fcd75d39d910f8fdd0c8745f51	pull_request	2026-09-10T13:14:50Z	HTTPError: HTTP Error 404: The specified blob does not exist.
34480291145	1	102881191656	app	completed	skipped	26a45b7634d583b1b7f617cf7dadff004a641ff9	push	2026-09-10T13:03:28Z	HTTPError: HTTP Error 404: The specified blob does not exist.
34480291145	1	102881192080	e2e	completed	skipped	26a45b7634d583b1b7f617cf7dadff004a641ff9	push	2026-09-10T13:03:28Z	HTTPError: HTTP Error 404: The specified blob does not exist.
34479886836	1	102879836402	app	completed	skipped	1df4a83fd024dc1d9609c8adf59aac3f731de96b	pull_request	2026-09-10T12:59:29Z	HTTPError: HTTP Error 404: The specified blob does not exist.
34479886836	1	102879837242	e2e	completed	skipped	1df4a83fd024dc1d9609c8adf59aac3f731de96b	pull_request	2026-09-10T12:59:29Z	HTTPError: HTTP Error 404: The specified blob does not exist.
34478600449	1	102875495754	app	completed	success	e3fb2c6380a2a757ef8048c0b8863e06f026e1dd	pull_request	2026-09-10T12:46:14Z	fetched
34478600449	1	102875495887	e2e	completed	success	e3fb2c6380a2a757ef8048c0b8863e06f026e1dd	pull_request	2026-09-10T12:46:14Z	fetched
34476540096	1	102868650689	e2e	completed	success	e5631445b11a4c74546d37c0520a228315af57e2	pull_request	2026-09-10T12:24:27Z	fetched
34476540096	1	102868650703	app	completed	success	e5631445b11a4c74546d37c0520a228315af57e2	pull_request	2026-09-10T12:24:27Z	fetched
34474885252	1	102863261607	e2e	completed	success	b217e74f3269479af83dfe303a8c6af63688c257	pull_request	2026-09-10T12:06:42Z	fetched
34474885252	1	102863261803	app	completed	success	b217e74f3269479af83dfe303a8c6af63688c257	pull_request	2026-09-10T12:06:42Z	fetched
34472452476	1	102855357858	e2e	completed	success	9a4f480ab87cf35159b49b06c4be1c7065e8166a	pull_request	2026-09-10T11:39:29Z	fetched
34472452476	1	102855357902	app	completed	success	9a4f480ab87cf35159b49b06c4be1c7065e8166a	pull_request	2026-09-10T11:39:29Z	fetched
34472333907	1	102854976383	e2e	completed	success	409627e2942e3442a83208397f6bbf376bebf177	pull_request	2026-09-10T11:38:08Z	fetched
34472333907	1	102854976401	app	completed	success	409627e2942e3442a83208397f6bbf376bebf177	pull_request	2026-09-10T11:38:08Z	fetched
34469192479	1	102844905400	app	completed	skipped	8285654df5ba09188fa29dea859ff6cece17ca8f	push	2026-09-10T11:02:29Z	HTTPError: HTTP Error 404: The specified blob does not exist.
34469192479	1	102844906029	e2e	completed	skipped	8285654df5ba09188fa29dea859ff6cece17ca8f	push	2026-09-10T11:02:29Z	HTTPError: HTTP Error 404: The specified blob does not exist.
34467078849	1	102838133771	app	completed	success	72df85d731bd84c5460cf5a144c37a6be4ea747a	push	2026-09-10T10:38:03Z	fetched
34467078849	1	102838133805	e2e	completed	success	72df85d731bd84c5460cf5a144c37a6be4ea747a	push	2026-09-10T10:38:03Z	fetched
34437876871	1	102746678062	e2e	completed	success	041fdedf6a86d7f5bde560b26a1ace7ac1c5e82a	pull_request	2026-09-10T04:37:09Z	fetched
34437876871	1	102746678096	app	completed	success	041fdedf6a86d7f5bde560b26a1ace7ac1c5e82a	pull_request	2026-09-10T04:37:09Z	fetched
34436147497	1	102741569312	app	completed	skipped	5e34637d7e5aa37a8795426f16639b7e0af10bb8	pull_request	2026-09-10T04:10:38Z	HTTPError: HTTP Error 404: The specified blob does not exist.
34436147497	1	102741569824	e2e	completed	skipped	5e34637d7e5aa37a8795426f16639b7e0af10bb8	pull_request	2026-09-10T04:10:38Z	HTTPError: HTTP Error 404: The specified blob does not exist.
34422952852	1	102702188354	e2e	completed	success	275c14b2495d32ce69b879ebdd30e0854d28456e	push	2026-09-10T00:50:02Z	fetched
34422952852	1	102702188360	app	completed	success	275c14b2495d32ce69b879ebdd30e0854d28456e	push	2026-09-10T00:50:02Z	fetched
34419899512	1	102692882060	e2e	completed	success	3d28ecd32c819bd25e4577056509092163519636	pull_request	2026-09-10T00:07:18Z	fetched
34419899512	1	102692882129	app	completed	success	3d28ecd32c819bd25e4577056509092163519636	pull_request	2026-09-10T00:07:18Z	fetched
34394661713	1	102611363508	e2e	completed	skipped	4df2737c24527769eeb36faec84013ce5712150a	push	2026-09-09T19:22:23Z	HTTPError: HTTP Error 404: The specified blob does not exist.
34394661713	1	102611363617	app	completed	skipped	4df2737c24527769eeb36faec84013ce5712150a	push	2026-09-09T19:22:23Z	HTTPError: HTTP Error 404: The specified blob does not exist.
34393569667	1	102607718979	app	completed	skipped	82ec8ffae130af88f60652b45145fcb091f2967c	pull_request	2026-09-09T19:11:26Z	HTTPError: HTTP Error 404: The specified blob does not exist.
34393569667	1	102607719315	e2e	completed	skipped	82ec8ffae130af88f60652b45145fcb091f2967c	pull_request	2026-09-09T19:11:26Z	HTTPError: HTTP Error 404: The specified blob does not exist.
34391897101	1	102602082823	app	completed	skipped	d32a9c4da851f649f77dd7d7569db5e3e65c4c61	pull_request	2026-09-09T18:54:48Z	HTTPError: HTTP Error 404: The specified blob does not exist.
34391897101	1	102602083388	e2e	completed	skipped	d32a9c4da851f649f77dd7d7569db5e3e65c4c61	pull_request	2026-09-09T18:54:48Z	HTTPError: HTTP Error 404: The specified blob does not exist.
34373999666	1	102542166102	e2e	completed	skipped	3d6ff89e8f96419f5040ad27ab3e37593a277185	push	2026-09-09T16:00:47Z	HTTPError: HTTP Error 404: The specified blob does not exist.
34373999666	1	102542167317	app	completed	skipped	3d6ff89e8f96419f5040ad27ab3e37593a277185	push	2026-09-09T16:00:47Z	HTTPError: HTTP Error 404: The specified blob does not exist.
34373767724	1	102541356821	app	completed	skipped	49d61c1b8515620000bd5f6d168238f1673b9492	push	2026-09-09T15:58:40Z	HTTPError: HTTP Error 404: The specified blob does not exist.
34373767724	1	102541357772	e2e	completed	skipped	49d61c1b8515620000bd5f6d168238f1673b9492	push	2026-09-09T15:58:40Z	HTTPError: HTTP Error 404: The specified blob does not exist.
34373549288	1	102540589741	e2e	completed	skipped	3f558999c397cbdd1ca852fd8cbdb1c76947eb7c	pull_request	2026-09-09T15:56:34Z	HTTPError: HTTP Error 404: The specified blob does not exist.
34373549288	1	102540589841	app	completed	skipped	3f558999c397cbdd1ca852fd8cbdb1c76947eb7c	pull_request	2026-09-09T15:56:34Z	HTTPError: HTTP Error 404: The specified blob does not exist.
34373062143	1	102538954989	e2e	completed	success	bbec4db97ffeef7bdd1686deb3e7a8f146562de1	push	2026-09-09T15:52:05Z	fetched
34373062143	1	102538955186	app	completed	success	bbec4db97ffeef7bdd1686deb3e7a8f146562de1	push	2026-09-09T15:52:05Z	fetched
34371247282	1	102532836170	e2e	completed	success	581f0cfa346b7faa2cb77c3c9b2215cd51df0c03	pull_request	2026-09-09T15:35:32Z	fetched
34371247282	1	102532836362	app	completed	success	581f0cfa346b7faa2cb77c3c9b2215cd51df0c03	pull_request	2026-09-09T15:35:32Z	fetched
34369106597	1	102525496928	app	completed	success	8a9a7a7b82f4afda3df4e57c689f90affca12266	push	2026-09-09T15:16:00Z	fetched
34369106597	1	102525496934	e2e	completed	success	8a9a7a7b82f4afda3df4e57c689f90affca12266	push	2026-09-09T15:16:00Z	fetched
34369047312	1	102525328610	e2e	completed	success	2157a9bd15d06526b48baa538879e6579223c764	push	2026-09-09T15:15:29Z	fetched
34369047312	1	102525328867	app	completed	success	2157a9bd15d06526b48baa538879e6579223c764	push	2026-09-09T15:15:29Z	fetched
34366882815	1	102517873668	e2e	completed	success	ecb4e8e56b1088de9f837333efff40e1a96532b5	pull_request	2026-09-09T14:55:59Z	fetched
34366882815	1	102517873682	app	completed	success	ecb4e8e56b1088de9f837333efff40e1a96532b5	pull_request	2026-09-09T14:55:59Z	fetched
34366380834	1	102516171845	app	completed	success	05a76b4afe1c563ad826a530d14495460da70b1e	pull_request	2026-09-09T14:51:28Z	fetched
34366380834	1	102516171908	e2e	completed	success	05a76b4afe1c563ad826a530d14495460da70b1e	pull_request	2026-09-09T14:51:28Z	fetched
34360549261	1	102496199137	e2e	completed	success	68f41986b5299d40de0e4eedbbbb46a17d1454c8	pull_request	2026-09-09T13:58:31Z	fetched
34360549261	1	102496199397	app	completed	success	68f41986b5299d40de0e4eedbbbb46a17d1454c8	pull_request	2026-09-09T13:58:31Z	fetched
34358843083	1	102490416415	e2e	completed	success	655c78ca9b1fc493159562415201968eeb5a9e3a	pull_request	2026-09-09T13:42:49Z	fetched
34358843083	1	102490416438	app	completed	success	655c78ca9b1fc493159562415201968eeb5a9e3a	pull_request	2026-09-09T13:42:49Z	fetched
34358242610	1	102488458090	e2e	completed	success	5c6be4422cfdb7617a0a2e2327f9d44cc59ced6b	pull_request	2026-09-09T13:37:19Z	fetched
34358242610	1	102488458136	app	completed	success	5c6be4422cfdb7617a0a2e2327f9d44cc59ced6b	pull_request	2026-09-09T13:37:19Z	fetched
34357786404	1	102486838028	app	completed	success	9c6daf1332648638b7716cc2dab1b4533f290957	pull_request	2026-09-09T13:33:03Z	fetched
34357786404	1	102486838147	e2e	completed	success	9c6daf1332648638b7716cc2dab1b4533f290957	pull_request	2026-09-09T13:33:03Z	fetched
34355594495	1	102479441767	app	completed	success	2788ed818b6566c11c29f60fb0715be2cd0fdb6c	pull_request	2026-09-09T13:12:12Z	fetched
34355594495	1	102479441806	e2e	completed	success	2788ed818b6566c11c29f60fb0715be2cd0fdb6c	pull_request	2026-09-09T13:12:12Z	fetched
34351236788	1	102464836879	e2e	completed	success	ace43ea4307b284420f517a9391fda5d7f6cbb39	push	2026-09-09T12:28:39Z	fetched
34351236788	1	102464836912	app	completed	success	ace43ea4307b284420f517a9391fda5d7f6cbb39	push	2026-09-09T12:28:39Z	fetched
34350287411	1	102461688593	e2e	completed	success	3012a711f763082cf8d821ab211fb3c5e97fd8fa	pull_request	2026-09-09T12:18:46Z	fetched
34350287411	1	102461688625	app	completed	success	3012a711f763082cf8d821ab211fb3c5e97fd8fa	pull_request	2026-09-09T12:18:46Z	fetched
34349926608	1	102460480465	e2e	completed	success	e70ce792e70d371ac6a69ca2d0098f357f16c412	push	2026-09-09T12:14:57Z	fetched
34349926608	1	102460480483	app	completed	success	e70ce792e70d371ac6a69ca2d0098f357f16c412	push	2026-09-09T12:14:57Z	fetched
34348986608	1	102457402457	app	completed	success	455bc9c3f8a458f508440799579acdf1bdaa7c59	pull_request	2026-09-09T12:04:55Z	fetched
34348986608	1	102457402665	e2e	completed	success	455bc9c3f8a458f508440799579acdf1bdaa7c59	pull_request	2026-09-09T12:04:55Z	fetched
34346593302	1	102449596330	app	completed	success	fcfafc5ad5ea5ae5ab7d062463b7d7a9535fe43f	pull_request	2026-09-09T11:37:57Z	fetched
34346593302	1	102449596370	e2e	completed	success	fcfafc5ad5ea5ae5ab7d062463b7d7a9535fe43f	pull_request	2026-09-09T11:37:57Z	fetched
34346045934	1	102447848828	e2e	completed	success	b487d880d536b65defa87043e6fff2aa973e6fc9	pull_request	2026-09-09T11:31:52Z	fetched
34346045934	1	102447848891	app	completed	success	b487d880d536b65defa87043e6fff2aa973e6fc9	pull_request	2026-09-09T11:31:52Z	fetched
34343671164	1	102440153062	e2e	completed	success	6d37d2def8055afce039be0dd1a92556a48bb504	pull_request	2026-09-09T11:05:11Z	fetched
34343671164	1	102440153088	app	completed	success	6d37d2def8055afce039be0dd1a92556a48bb504	pull_request	2026-09-09T11:05:11Z	fetched
34343090305	1	102438319674	app	completed	skipped	16cb26beb8461aa1196ca067c43c0ca77f854218	pull_request	2026-09-09T10:58:50Z	HTTPError: HTTP Error 404: The specified blob does not exist.
34343090305	1	102438320166	e2e	completed	skipped	16cb26beb8461aa1196ca067c43c0ca77f854218	pull_request	2026-09-09T10:58:50Z	HTTPError: HTTP Error 404: The specified blob does not exist.
34341988951	1	102434728160	app	completed	success	dd843d55c16cd3cb87b2170a9e83b8831b01545a	push	2026-09-09T10:46:10Z	fetched
34341988951	1	102434728236	e2e	completed	success	dd843d55c16cd3cb87b2170a9e83b8831b01545a	push	2026-09-09T10:46:10Z	fetched
34309092248	1	102331864373	e2e	completed	success	46d83feabd8dcb7ff1e0263be2cb86b5064989f0	pull_request	2026-09-09T03:57:22Z	fetched
34309092248	1	102331864398	app	completed	success	46d83feabd8dcb7ff1e0263be2cb86b5064989f0	pull_request	2026-09-09T03:57:22Z	fetched
34307878332	1	102328303371	app	completed	success	2d413a67960e5d2777fb24025f59815d50bf5de1	pull_request	2026-09-09T03:38:04Z	fetched
34307878332	1	102328303378	e2e	completed	success	2d413a67960e5d2777fb24025f59815d50bf5de1	pull_request	2026-09-09T03:38:04Z	fetched
34307664043	1	102327654148	app	completed	success	320244f62c53d83c2ac18391e07171f5be3af073	pull_request	2026-09-09T03:34:44Z	fetched
34307664043	1	102327654278	e2e	completed	success	320244f62c53d83c2ac18391e07171f5be3af073	pull_request	2026-09-09T03:34:44Z	fetched
34306630402	1	102324632071	app	completed	skipped	ce107dc264630197929a0a79fa779b24593d0b1f	push	2026-09-09T03:18:48Z	HTTPError: HTTP Error 404: The specified blob does not exist.
34306630402	1	102324632212	e2e	completed	skipped	ce107dc264630197929a0a79fa779b24593d0b1f	push	2026-09-09T03:18:48Z	HTTPError: HTTP Error 404: The specified blob does not exist.
34306526868	1	102324319560	app	completed	skipped	ba1776a162f901f5f7245d86192f3c2fcd5742f4	pull_request	2026-09-09T03:17:10Z	HTTPError: HTTP Error 404: The specified blob does not exist.
34306526868	1	102324320044	e2e	completed	skipped	ba1776a162f901f5f7245d86192f3c2fcd5742f4	pull_request	2026-09-09T03:17:10Z	HTTPError: HTTP Error 404: The specified blob does not exist.
34305503379	1	102321282914	app	completed	failure	36b05b154f8f4d32bd2bbf83446d0adf9cbc5a1f	pull_request	2026-09-09T03:01:32Z	fetched
34305503379	1	102321282936	e2e	completed	success	36b05b154f8f4d32bd2bbf83446d0adf9cbc5a1f	pull_request	2026-09-09T03:01:32Z	fetched
34304858996	1	102319377404	e2e	completed	success	1fcb017aa0c74203928228925df86eab6896627d	push	2026-09-09T02:51:22Z	fetched
34304858996	1	102319377408	app	completed	success	1fcb017aa0c74203928228925df86eab6896627d	push	2026-09-09T02:51:22Z	fetched
34304855338	1	102319357708	app	completed	skipped	e25807426b2cea6d10c3156339718bb1fc63afab	push	2026-09-09T02:51:19Z	HTTPError: HTTP Error 404: The specified blob does not exist.
34304855338	1	102319358045	e2e	completed	skipped	e25807426b2cea6d10c3156339718bb1fc63afab	push	2026-09-09T02:51:19Z	HTTPError: HTTP Error 404: The specified blob does not exist.
34302632898	1	102312671994	e2e	completed	success	71f2ef78df300a07de0c3ac383ed9b0f245d8a41	pull_request	2026-09-09T02:17:38Z	fetched
34302632898	1	102312672064	app	completed	success	71f2ef78df300a07de0c3ac383ed9b0f245d8a41	pull_request	2026-09-09T02:17:38Z	fetched
34300872761	1	102307359281	app	completed	skipped	4a8973f91c32b933fa1907431ac6ab10ac771ee3	pull_request	2026-09-09T01:51:37Z	HTTPError: HTTP Error 404: The specified blob does not exist.
34300872761	1	102307359731	e2e	completed	skipped	4a8973f91c32b933fa1907431ac6ab10ac771ee3	pull_request	2026-09-09T01:51:37Z	HTTPError: HTTP Error 404: The specified blob does not exist.
34300649716	1	102306692951	app	completed	success	e162c0914b408686309b1c511d72f426f939e3a5	push	2026-09-09T01:48:14Z	fetched
34300649716	1	102306693004	e2e	completed	success	e162c0914b408686309b1c511d72f426f939e3a5	push	2026-09-09T01:48:14Z	fetched
34299624421	1	102304671510	e2e	completed	success	ec29dd6611bd10e59924ac34bc5a8828abafbe4c	pull_request	2026-09-09T01:32:43Z	fetched
34299624421	1	102304671556	app	completed	success	ec29dd6611bd10e59924ac34bc5a8828abafbe4c	pull_request	2026-09-09T01:32:43Z	fetched
34298257777	1	102299537373	e2e	completed	skipped	dffd5a8ccc7a78858960ff2e021187332d65519e	push	2026-09-09T01:12:41Z	HTTPError: HTTP Error 404: The specified blob does not exist.
34298257777	1	102299537407	app	completed	skipped	dffd5a8ccc7a78858960ff2e021187332d65519e	push	2026-09-09T01:12:41Z	HTTPError: HTTP Error 404: The specified blob does not exist.
34297731917	1	102297928734	e2e	completed	skipped	a4c65f5036748d1fe07a3cf58a64e10e1e14d462	pull_request	2026-09-09T01:05:10Z	HTTPError: HTTP Error 404: The specified blob does not exist.
34297731917	1	102297929137	app	completed	skipped	a4c65f5036748d1fe07a3cf58a64e10e1e14d462	pull_request	2026-09-09T01:05:10Z	HTTPError: HTTP Error 404: The specified blob does not exist.
34296749882	1	102294991621	app	completed	success	5d64805ed55f505c319e0de59f3893cfa0a19d82	pull_request	2026-09-09T00:51:13Z	fetched
34296749882	1	102294991631	e2e	completed	success	5d64805ed55f505c319e0de59f3893cfa0a19d82	pull_request	2026-09-09T00:51:13Z	fetched
34296592045	1	102294509749	e2e	completed	skipped	e9b13c8cf39061ef20bed27112959207dbfa47ad	pull_request	2026-09-09T00:48:53Z	HTTPError: HTTP Error 404: The specified blob does not exist.
34296592045	1	102294510436	app	completed	skipped	e9b13c8cf39061ef20bed27112959207dbfa47ad	pull_request	2026-09-09T00:48:53Z	HTTPError: HTTP Error 404: The specified blob does not exist.
34295898695	1	102292405671	e2e	completed	success	63139e7be19648dfd3e67c4f572525486a8d0f40	pull_request	2026-09-09T00:38:57Z	fetched
34295898695	1	102292405754	app	completed	success	63139e7be19648dfd3e67c4f572525486a8d0f40	pull_request	2026-09-09T00:38:57Z	fetched
34291622688	1	102279256095	app	completed	success	d731904006123d776af793364759605aa2f85b92	push	2026-09-08T23:39:32Z	fetched
34291622688	1	102279256106	e2e	completed	success	d731904006123d776af793364759605aa2f85b92	push	2026-09-08T23:39:32Z	fetched
34287893803	1	102267656604	e2e	completed	success	6cbbff439310777a1628bee2a1a032c808e21624	pull_request	2026-09-08T22:50:46Z	fetched
34287893803	1	102267656663	app	completed	success	6cbbff439310777a1628bee2a1a032c808e21624	pull_request	2026-09-08T22:50:46Z	fetched
34282607450	1	102250812287	app	completed	success	bfe7f96cd8d106aaddd448a1382e337e095966a5	pull_request	2026-09-08T21:48:33Z	fetched
34282607450	1	102250812332	e2e	completed	success	bfe7f96cd8d106aaddd448a1382e337e095966a5	pull_request	2026-09-08T21:48:33Z	fetched
34276141471	1	102229600495	e2e	completed	success	3eed9f293c559a16057b7827e5c989ba370088b7	push	2026-09-08T20:40:02Z	fetched
34276141471	1	102229600738	app	completed	success	3eed9f293c559a16057b7827e5c989ba370088b7	push	2026-09-08T20:40:02Z	fetched
34273244775	1	102219982723	e2e	completed	success	0c0b001e919a3926174853813a603526bf492f35	pull_request	2026-09-08T20:10:32Z	fetched
34273244775	1	102219982908	app	completed	success	0c0b001e919a3926174853813a603526bf492f35	pull_request	2026-09-08T20:10:32Z	fetched
34263741079	1	102187907363	e2e	completed	success	8dbce9881981b32afee0674039b366c39ae5b4d5	pull_request	2026-09-08T18:33:30Z	fetched
34263741079	1	102187907401	app	completed	success	8dbce9881981b32afee0674039b366c39ae5b4d5	pull_request	2026-09-08T18:33:30Z	fetched
34262474519	1	102183697449	app	completed	success	7c2016c7ef1eb62ab409cec8e3c4495e25255f28	pull_request	2026-09-08T18:20:43Z	fetched
34262474519	1	102183697488	e2e	completed	success	7c2016c7ef1eb62ab409cec8e3c4495e25255f28	pull_request	2026-09-08T18:20:43Z	fetched
34259475251	1	102173606666	app	completed	success	b339e3729a4c942b09a58d5d45d55f0539f9d57e	push	2026-09-08T17:50:16Z	fetched
34259475251	1	102173606697	e2e	completed	success	b339e3729a4c942b09a58d5d45d55f0539f9d57e	push	2026-09-08T17:50:16Z	fetched
34259019289	1	102172087164	e2e	completed	skipped	efeb6648770d2c244123b81084e5a04c439566ae	push	2026-09-08T17:45:34Z	HTTPError: HTTP Error 404: The specified blob does not exist.
34259019289	1	102172087977	app	completed	skipped	efeb6648770d2c244123b81084e5a04c439566ae	push	2026-09-08T17:45:34Z	HTTPError: HTTP Error 404: The specified blob does not exist.
34258808860	1	102171378269	app	completed	skipped	a6aca3eae1a70319979eb45371fa7f953dd454e6	pull_request	2026-09-08T17:43:28Z	HTTPError: HTTP Error 404: The specified blob does not exist.
34258808860	1	102171378455	e2e	completed	skipped	a6aca3eae1a70319979eb45371fa7f953dd454e6	pull_request	2026-09-08T17:43:28Z	HTTPError: HTTP Error 404: The specified blob does not exist.
34258554994	1	102170533490	app	completed	success	23cb7bdbdbaa7b2a0e984e0d4946110284f13b1f	pull_request	2026-09-08T17:40:49Z	fetched
34258554994	1	102170533613	e2e	completed	success	23cb7bdbdbaa7b2a0e984e0d4946110284f13b1f	pull_request	2026-09-08T17:40:49Z	fetched
34257211804	1	102166022212	app	completed	success	a476cbc6823b8994a71b489612490d002df0f79f	push	2026-09-08T17:27:31Z	fetched
34257211804	1	102166022227	e2e	completed	success	a476cbc6823b8994a71b489612490d002df0f79f	push	2026-09-08T17:27:31Z	fetched
34248902302	1	102138038199	e2e	completed	success	1f880a09ca018474ac137ea1ad78ed344322ec2d	pull_request	2026-09-08T16:05:23Z	fetched
34248902302	1	102138038282	app	completed	success	1f880a09ca018474ac137ea1ad78ed344322ec2d	pull_request	2026-09-08T16:05:23Z	fetched
34246333174	1	102129263674	e2e	completed	success	c6021d3de0e7d36bd566d92d1ac5a061a2c2bdbe	pull_request	2026-09-08T15:41:05Z	fetched
34246333174	1	102129264021	app	completed	success	c6021d3de0e7d36bd566d92d1ac5a061a2c2bdbe	pull_request	2026-09-08T15:41:05Z	fetched
34241178894	1	102111530898	e2e	completed	success	1a2a329bbb4450fc5f0389eece63e00b5862c55c	pull_request	2026-09-08T14:53:17Z	fetched
34241178894	1	102111530933	app	completed	success	1a2a329bbb4450fc5f0389eece63e00b5862c55c	pull_request	2026-09-08T14:53:17Z	fetched
34237605876	1	102099358220	e2e	completed	success	0cf529b7be07119e54ff8d877c42fc781fd59583	push	2026-09-08T14:20:17Z	fetched
34237605876	1	102099358271	app	completed	success	0cf529b7be07119e54ff8d877c42fc781fd59583	push	2026-09-08T14:20:17Z	fetched
34235758302	1	102092989108	app	completed	success	ddf250876a3cf0dfeb63e740736bac3c2dde3fb5	pull_request	2026-09-08T14:02:48Z	fetched
34235758302	1	102092989492	e2e	completed	success	ddf250876a3cf0dfeb63e740736bac3c2dde3fb5	pull_request	2026-09-08T14:02:48Z	fetched
34234802998	1	102089747433	app	completed	success	d40ac88ebc510874a0c91ca1b2498ba00a9e90ac	pull_request	2026-09-08T13:53:42Z	fetched
34234802998	1	102089747740	e2e	completed	success	d40ac88ebc510874a0c91ca1b2498ba00a9e90ac	pull_request	2026-09-08T13:53:42Z	fetched
34233844638	1	102086487354	e2e	completed	success	dfcfcf718bfa91a154f501fbecec405e0b79d822	pull_request	2026-09-08T13:44:31Z	fetched
34233844638	1	102086487382	app	completed	success	dfcfcf718bfa91a154f501fbecec405e0b79d822	pull_request	2026-09-08T13:44:31Z	fetched
34228849319	1	102069653740	app	completed	success	263b1a6b5624de8252fd07680ca8c5b5aaa65bf8	pull_request	2026-09-08T12:55:16Z	fetched
34228849319	1	102069653852	e2e	completed	success	263b1a6b5624de8252fd07680ca8c5b5aaa65bf8	pull_request	2026-09-08T12:55:16Z	fetched
34227444823	1	102065021053	app	completed	success	d8604a3834cc3b4dfe72bc97477f8bf5ba61ab3c	pull_request	2026-09-08T12:40:51Z	fetched
34227444823	1	102065021059	e2e	completed	success	d8604a3834cc3b4dfe72bc97477f8bf5ba61ab3c	pull_request	2026-09-08T12:40:51Z	fetched
34224861466	1	102056478795	e2e	completed	skipped	3ba2b10110cd1dd0821d97f816b77c9076f6d6f0	push	2026-09-08T12:13:15Z	HTTPError: HTTP Error 404: The specified blob does not exist.
34224861466	1	102056479290	app	completed	skipped	3ba2b10110cd1dd0821d97f816b77c9076f6d6f0	push	2026-09-08T12:13:15Z	HTTPError: HTTP Error 404: The specified blob does not exist.
34224790603	1	102056227038	app	completed	skipped	8929599296f5ccab21b433e6ffbbf91e130ec0ac	pull_request	2026-09-08T12:12:30Z	HTTPError: HTTP Error 404: The specified blob does not exist.
34224790603	1	102056227526	e2e	completed	skipped	8929599296f5ccab21b433e6ffbbf91e130ec0ac	pull_request	2026-09-08T12:12:30Z	HTTPError: HTTP Error 404: The specified blob does not exist.
34224546389	1	102055448181	e2e	completed	success	66571388fa8da70a7a4055d5d3b6d10159f8a736	push	2026-09-08T12:09:53Z	fetched
34224546389	1	102055448412	app	completed	success	66571388fa8da70a7a4055d5d3b6d10159f8a736	push	2026-09-08T12:09:53Z	fetched
34223609614	1	102052383112	e2e	completed	success	b9c49c91f4a2b07e80a52daa8bd792849a333b9c	push	2026-09-08T11:59:40Z	fetched
34223609614	1	102052383226	app	completed	success	b9c49c91f4a2b07e80a52daa8bd792849a333b9c	push	2026-09-08T11:59:40Z	fetched
34223588685	1	102052301504	app	completed	skipped	f1ab837f1b5c21d25b8b07796910492a0e2f1008	push	2026-09-08T11:59:24Z	HTTPError: HTTP Error 404: The specified blob does not exist.
34223588685	1	102052301903	e2e	completed	skipped	f1ab837f1b5c21d25b8b07796910492a0e2f1008	push	2026-09-08T11:59:24Z	HTTPError: HTTP Error 404: The specified blob does not exist.
34223506990	1	102052085338	app	completed	skipped	e990092d9e23b98a6572bcaa7833d94682b4378a	pull_request	2026-09-08T11:58:27Z	HTTPError: HTTP Error 404: The specified blob does not exist.
34223506990	1	102052085648	e2e	completed	skipped	e990092d9e23b98a6572bcaa7833d94682b4378a	pull_request	2026-09-08T11:58:27Z	HTTPError: HTTP Error 404: The specified blob does not exist.
34223166102	1	102050917357	app	completed	success	2e914739d38c7a16b8fa31f18700d9860976cabc	pull_request	2026-09-08T11:54:33Z	fetched
34223166102	1	102050917402	e2e	completed	success	2e914739d38c7a16b8fa31f18700d9860976cabc	pull_request	2026-09-08T11:54:33Z	fetched
34222513019	1	102048847420	app	completed	success	4a0ed474277b8a142d31b6972215fc4105bf38bb	pull_request	2026-09-08T11:47:09Z	fetched
34222513019	1	102048847449	e2e	completed	success	4a0ed474277b8a142d31b6972215fc4105bf38bb	pull_request	2026-09-08T11:47:09Z	fetched
34220074133	1	102040939312	e2e	completed	success	0df5b6146e479a07f292e8f09e886225bf7fe3bc	pull_request	2026-09-08T11:19:23Z	fetched
34220074133	1	102040939380	app	completed	success	0df5b6146e479a07f292e8f09e886225bf7fe3bc	pull_request	2026-09-08T11:19:23Z	fetched
34218186771	1	102034897795	app	completed	success	64f9060ac5c1570b6e90c145877319f0c2504c9e	push	2026-09-08T10:57:57Z	fetched
34218186771	1	102034897967	e2e	completed	success	64f9060ac5c1570b6e90c145877319f0c2504c9e	push	2026-09-08T10:57:57Z	fetched
34185153208	1	101931927726	e2e	completed	success	5e8032d3460d5ad2f6caa449c5f0b1089504a71f	pull_request	2026-09-08T03:55:02Z	fetched
34185153208	1	101931927826	app	completed	success	5e8032d3460d5ad2f6caa449c5f0b1089504a71f	pull_request	2026-09-08T03:55:02Z	fetched
34181567882	1	101921583283	e2e	completed	success	9bd74abf2879139a632447b2a82b461d6a9965ba	push	2026-09-08T02:52:39Z	fetched
34181567882	1	101921583399	app	completed	success	9bd74abf2879139a632447b2a82b461d6a9965ba	push	2026-09-08T02:52:39Z	fetched
34180960724	1	101919852637	app	completed	success	9ab228fe0769a537bd941aaadc5814673831691e	pull_request	2026-09-08T02:42:05Z	fetched
34180960724	1	101919852641	e2e	completed	success	9ab228fe0769a537bd941aaadc5814673831691e	pull_request	2026-09-08T02:42:05Z	fetched
34179581069	1	101915781988	app	completed	success	f2661907ffa26dd8af2066385434beba99a60156	push	2026-09-08T02:18:07Z	fetched
34179581069	1	101915782061	e2e	completed	success	f2661907ffa26dd8af2066385434beba99a60156	push	2026-09-08T02:18:07Z	fetched
34179046283	1	101914220402	app	completed	success	8ce07a08ddba5ffffe3e1797d4f000a25335bc91	pull_request	2026-09-08T02:08:52Z	fetched
34179046283	1	101914220504	e2e	completed	success	8ce07a08ddba5ffffe3e1797d4f000a25335bc91	pull_request	2026-09-08T02:08:52Z	fetched
34178042299	1	101911297686	app	completed	skipped	b2181935951b247b044c54b0f029eeec64e1a9fa	push	2026-09-08T01:51:18Z	HTTPError: HTTP Error 404: The specified blob does not exist.
34178042299	1	101911297723	e2e	completed	skipped	b2181935951b247b044c54b0f029eeec64e1a9fa	push	2026-09-08T01:51:18Z	HTTPError: HTTP Error 404: The specified blob does not exist.
34177932491	1	101910988061	app	completed	skipped	2a15f5fb167fd3ccd03fd8e9cc023d9beebe3720	pull_request	2026-09-08T01:49:24Z	HTTPError: HTTP Error 404: The specified blob does not exist.
34177932491	1	101910988266	e2e	completed	skipped	2a15f5fb167fd3ccd03fd8e9cc023d9beebe3720	pull_request	2026-09-08T01:49:24Z	HTTPError: HTTP Error 404: The specified blob does not exist.
34177366164	1	101909383141	e2e	completed	success	390f9f5ef8d6c17401de802cb357899a96c085ad	push	2026-09-08T01:39:12Z	fetched
34177366164	1	101909383173	app	completed	success	390f9f5ef8d6c17401de802cb357899a96c085ad	push	2026-09-08T01:39:12Z	fetched
34176324618	1	101906380082	e2e	completed	success	95889e615c18162b2cbf7a1e3b9a74ddbf1a0166	pull_request	2026-09-08T01:20:37Z	fetched
34176324618	1	101906380178	app	completed	success	95889e615c18162b2cbf7a1e3b9a74ddbf1a0166	pull_request	2026-09-08T01:20:37Z	fetched
34174767519	1	101901929142	app	completed	success	96f29c4767f469e582a5d3c2bb0fd03552940e8d	pull_request	2026-09-08T00:52:55Z	fetched
34174767519	1	101901929186	e2e	completed	success	96f29c4767f469e582a5d3c2bb0fd03552940e8d	pull_request	2026-09-08T00:52:55Z	fetched
34174083024	1	101899960626	e2e	completed	skipped	6b86210f36d36b4a59d1f5d46f43cd456ad92d22	push	2026-09-08T00:40:26Z	HTTPError: HTTP Error 404: The specified blob does not exist.
34174083024	1	101899960769	app	completed	skipped	6b86210f36d36b4a59d1f5d46f43cd456ad92d22	push	2026-09-08T00:40:26Z	HTTPError: HTTP Error 404: The specified blob does not exist.
34173663255	1	101898752706	app	completed	skipped	abac7ce3d6c483a0428383d95d28fd80b10adee1	pull_request	2026-09-08T00:32:45Z	HTTPError: HTTP Error 404: The specified blob does not exist.
34173663255	1	101898752719	e2e	completed	skipped	abac7ce3d6c483a0428383d95d28fd80b10adee1	pull_request	2026-09-08T00:32:45Z	HTTPError: HTTP Error 404: The specified blob does not exist.
34173474516	1	101898210812	app	completed	success	b89c7a5936e6d9b6e53ddaf1edecc6b670b13fb1	push	2026-09-08T00:29:25Z	fetched
34173474516	1	101898210902	e2e	completed	success	b89c7a5936e6d9b6e53ddaf1edecc6b670b13fb1	push	2026-09-08T00:29:25Z	fetched
34173130429	1	101897218448	e2e	completed	skipped	d3579b22549e04683b8da0a739f9ff709245a354	push	2026-09-08T00:22:59Z	HTTPError: HTTP Error 404: The specified blob does not exist.
34173130429	1	101897218818	app	completed	skipped	d3579b22549e04683b8da0a739f9ff709245a354	push	2026-09-08T00:22:59Z	HTTPError: HTTP Error 404: The specified blob does not exist.
34173009796	1	101896880323	app	completed	skipped	ca8299b5f4b10e6b8c4aeaf6f5ef65f640685edf	pull_request	2026-09-08T00:20:41Z	HTTPError: HTTP Error 404: The specified blob does not exist.
34173009796	1	101896880357	e2e	completed	skipped	ca8299b5f4b10e6b8c4aeaf6f5ef65f640685edf	pull_request	2026-09-08T00:20:41Z	HTTPError: HTTP Error 404: The specified blob does not exist.
34172942496	1	101896676058	e2e	completed	success	b8e13c829953791d651afacd7ce753fd39180631	pull_request	2026-09-08T00:19:28Z	fetched
34172942496	1	101896676066	app	completed	success	b8e13c829953791d651afacd7ce753fd39180631	pull_request	2026-09-08T00:19:28Z	fetched
34172414233	1	101895157412	e2e	completed	success	25b7402a1b7963c51b95df0a962de10e41040ccc	pull_request	2026-09-08T00:09:41Z	fetched
34172414233	1	101895157413	app	completed	success	25b7402a1b7963c51b95df0a962de10e41040ccc	pull_request	2026-09-08T00:09:41Z	fetched
34172125463	1	101894345780	e2e	completed	success	083270558d1f2bd91fcec026ef722b10e012c5dd	push	2026-09-08T00:04:35Z	fetched
34172125463	1	101894345854	app	completed	success	083270558d1f2bd91fcec026ef722b10e012c5dd	push	2026-09-08T00:04:35Z	fetched
34172088229	1	101894239791	e2e	completed	success	3034d272a25eb4e63a53f77f1763c58a83182016	pull_request	2026-09-08T00:03:57Z	fetched
34172088229	1	101894239815	app	completed	success	3034d272a25eb4e63a53f77f1763c58a83182016	pull_request	2026-09-08T00:03:57Z	fetched
34171816392	1	101893450598	app	completed	success	40fe3725d6410c698fb542f58580027b884324e7	pull_request	2026-09-07T23:59:07Z	fetched
34171816392	1	101893450608	e2e	completed	success	40fe3725d6410c698fb542f58580027b884324e7	pull_request	2026-09-07T23:59:07Z	fetched
34171555953	1	101892723957	app	completed	success	5bfd9d8a650375d1c294f1b63a45312b5458d26b	pull_request	2026-09-07T23:54:09Z	fetched
34171555953	1	101892723974	e2e	completed	success	5bfd9d8a650375d1c294f1b63a45312b5458d26b	pull_request	2026-09-07T23:54:09Z	fetched
34170570780	1	101889974846	e2e	completed	success	6cdc5de42928045c18116e87f9659c1e6360f30b	pull_request	2026-09-07T23:35:57Z	fetched
34170570780	1	101889974944	app	completed	success	6cdc5de42928045c18116e87f9659c1e6360f30b	pull_request	2026-09-07T23:35:57Z	fetched
34169034178	1	101885684015	e2e	completed	success	a6dfd813ebf63b885ff041daddad382d66616f5a	push	2026-09-07T23:08:40Z	fetched
34169034178	1	101885684038	app	completed	success	a6dfd813ebf63b885ff041daddad382d66616f5a	push	2026-09-07T23:08:40Z	fetched
34168630495	1	101884585977	app	completed	success	fb54bda97e7ae5f1fcf7cdb52abde5600582892f	pull_request	2026-09-07T23:01:32Z	fetched
34168630495	1	101884585979	e2e	completed	success	fb54bda97e7ae5f1fcf7cdb52abde5600582892f	pull_request	2026-09-07T23:01:32Z	fetched
34168463070	1	101884097935	app	completed	success	c3c4c321e4d122c44c686c9f2c3761a37d992e72	pull_request	2026-09-07T22:58:30Z	fetched
34168463070	1	101884097945	e2e	completed	success	c3c4c321e4d122c44c686c9f2c3761a37d992e72	pull_request	2026-09-07T22:58:30Z	fetched
34167309673	1	101880849369	e2e	completed	success	c10f521c0d0472c77980640c9f9350b48406167c	pull_request	2026-09-07T22:37:37Z	fetched
34167309673	1	101880849474	app	completed	success	c10f521c0d0472c77980640c9f9350b48406167c	pull_request	2026-09-07T22:37:37Z	fetched
34166735270	1	101879180147	app	completed	success	6f535068849de88a5513b85fbaa3c9d997027de4	push	2026-09-07T22:27:31Z	fetched
34166735270	1	101879180191	e2e	completed	success	6f535068849de88a5513b85fbaa3c9d997027de4	push	2026-09-07T22:27:31Z	fetched
34166136033	1	101877456568	e2e	completed	success	9a2557b1a21ccc1e622f7fc615f265007c3b91c6	pull_request	2026-09-07T22:17:03Z	fetched
34166136033	1	101877456594	app	completed	success	9a2557b1a21ccc1e622f7fc615f265007c3b91c6	pull_request	2026-09-07T22:17:03Z	fetched
34165679581	1	101876188144	e2e	completed	skipped	33dad475a64c0ef7a89ef1a70a0925ce3b0c9ed7	push	2026-09-07T22:09:28Z	HTTPError: HTTP Error 404: The specified blob does not exist.
34165679581	1	101876188332	app	completed	skipped	33dad475a64c0ef7a89ef1a70a0925ce3b0c9ed7	push	2026-09-07T22:09:28Z	HTTPError: HTTP Error 404: The specified blob does not exist.
34165538265	1	101875762740	app	completed	success	1505ba93fbbd734b36ee1063d15bf1b14b0a0077	pull_request	2026-09-07T22:07:02Z	fetched
34165538265	1	101875762764	e2e	completed	success	1505ba93fbbd734b36ee1063d15bf1b14b0a0077	pull_request	2026-09-07T22:07:02Z	fetched
34165462136	1	101875543799	app	completed	success	0d642d4e644c01abef52ddd7ac3ffda25f2ed2c1	push	2026-09-07T22:05:46Z	fetched
34165462136	1	101875543936	e2e	completed	success	0d642d4e644c01abef52ddd7ac3ffda25f2ed2c1	push	2026-09-07T22:05:46Z	fetched
34165317005	1	101875129006	e2e	completed	success	79ecc305e22271b02cf8b4bfb0429ccf16caac40	pull_request	2026-09-07T22:03:26Z	fetched
34165317005	1	101875129021	app	completed	success	79ecc305e22271b02cf8b4bfb0429ccf16caac40	pull_request	2026-09-07T22:03:26Z	fetched
34164892436	1	101873919540	app	completed	success	ee69c76d4ab2d1e93cf44adffd21a117e92b61c6	pull_request	2026-09-07T21:56:08Z	fetched
34164892436	1	101873919709	e2e	completed	success	ee69c76d4ab2d1e93cf44adffd21a117e92b61c6	pull_request	2026-09-07T21:56:08Z	fetched
34164812372	1	101873685832	app	completed	success	ceba4cfdec4ececa557fd2b2a3b489f3b553ec9e	push	2026-09-07T21:54:47Z	fetched
34164812372	1	101873685950	e2e	completed	success	ceba4cfdec4ececa557fd2b2a3b489f3b553ec9e	push	2026-09-07T21:54:47Z	fetched
34164114092	1	101871701582	e2e	completed	success	7b8b1cab3a3e3c6381bb5c3256e6936d7cc505b2	pull_request	2026-09-07T21:42:46Z	fetched
34164114092	1	101871701870	app	completed	success	7b8b1cab3a3e3c6381bb5c3256e6936d7cc505b2	pull_request	2026-09-07T21:42:46Z	fetched
34163854932	1	101870951787	e2e	completed	success	2b52efb03e6ae66fd89a4aa66fe2e3ca061eecfe	pull_request	2026-09-07T21:38:16Z	fetched
34163854932	1	101870951792	app	completed	success	2b52efb03e6ae66fd89a4aa66fe2e3ca061eecfe	pull_request	2026-09-07T21:38:16Z	fetched
34163819093	1	101870854374	app	completed	success	a8f3d630cd985b38ef38452df579ce45ce6d58e7	pull_request	2026-09-07T21:37:38Z	fetched
34163819093	1	101870854398	e2e	completed	success	a8f3d630cd985b38ef38452df579ce45ce6d58e7	pull_request	2026-09-07T21:37:38Z	fetched
34163656485	1	101870410129	e2e	completed	skipped	b81feef97b33fb8d5ddb3e5ac7381f891e410fb8	pull_request	2026-09-07T21:34:59Z	HTTPError: HTTP Error 404: The specified blob does not exist.
34163656485	1	101870410182	app	completed	skipped	b81feef97b33fb8d5ddb3e5ac7381f891e410fb8	pull_request	2026-09-07T21:34:59Z	HTTPError: HTTP Error 404: The specified blob does not exist.
34163467309	1	101869885761	e2e	completed	success	b96c780db9ba760299374327025ceef4bde0deee	push	2026-09-07T21:31:52Z	fetched
34163467309	1	101869885776	app	completed	success	b96c780db9ba760299374327025ceef4bde0deee	push	2026-09-07T21:31:52Z	fetched
34161391140	1	101863848731	e2e	completed	success	700059af27a4a3126ff3add29e562e92b65f1776	push	2026-09-07T20:58:20Z	fetched
34161391140	1	101863848802	app	completed	success	700059af27a4a3126ff3add29e562e92b65f1776	push	2026-09-07T20:58:20Z	fetched
34160781404	1	101862066165	app	completed	success	cba2d3e8685dedb2b83d12229276e7fd2e9c0b96	pull_request	2026-09-07T20:48:15Z	fetched
34160781404	1	101862066216	e2e	completed	success	cba2d3e8685dedb2b83d12229276e7fd2e9c0b96	pull_request	2026-09-07T20:48:15Z	fetched
34160584933	1	101861494116	e2e	completed	skipped	5ef22d7faded0369f585a29b2cdd36c3b92f9656	push	2026-09-07T20:45:07Z	HTTPError: HTTP Error 404: The specified blob does not exist.
34160584933	1	101861494435	app	completed	skipped	5ef22d7faded0369f585a29b2cdd36c3b92f9656	push	2026-09-07T20:45:07Z	HTTPError: HTTP Error 404: The specified blob does not exist.
34160450215	1	101861059605	e2e	completed	failure	0e5240c4b5ff58412c97769a67c24f372508dc2c	pull_request	2026-09-07T20:42:52Z	fetched
34160450215	1	101861059654	app	completed	failure	0e5240c4b5ff58412c97769a67c24f372508dc2c	pull_request	2026-09-07T20:42:52Z	fetched
34159835655	1	101859173600	e2e	completed	success	a1967244248c66ecd9e19d0891c465f8565f1e7f	push	2026-09-07T20:33:09Z	fetched
34159835655	1	101859173624	app	completed	success	a1967244248c66ecd9e19d0891c465f8565f1e7f	push	2026-09-07T20:33:09Z	fetched
34159543143	1	101858323227	e2e	completed	success	eb33f43dacf7834ee59b49168438d094385e6fb2	pull_request	2026-09-07T20:28:32Z	fetched
34159543143	1	101858323269	app	completed	success	eb33f43dacf7834ee59b49168438d094385e6fb2	pull_request	2026-09-07T20:28:32Z	fetched
34158848166	1	101856285229	e2e	completed	success	2198e89a9164248f60b58421d0ea650270e6265b	pull_request	2026-09-07T20:17:35Z	fetched
34158848166	1	101856285297	app	completed	success	2198e89a9164248f60b58421d0ea650270e6265b	pull_request	2026-09-07T20:17:35Z	fetched
34158599913	1	101855562105	app	completed	success	3dfdbd5661c2a319e75119a0a7563fe7623435ed	pull_request	2026-09-07T20:13:52Z	fetched
34158599913	1	101855562133	e2e	completed	success	3dfdbd5661c2a319e75119a0a7563fe7623435ed	pull_request	2026-09-07T20:13:52Z	fetched
34157373262	1	101851937674	app	completed	success	232d0d2a18920cc42475f38779a358b0498495ce	pull_request	2026-09-07T19:54:44Z	fetched
34157373262	1	101851937684	e2e	completed	success	232d0d2a18920cc42475f38779a358b0498495ce	pull_request	2026-09-07T19:54:44Z	fetched
34156973742	1	101850761638	app	completed	skipped	dc5b6642125dde823a784f199fc57d189f2981df	pull_request	2026-09-07T19:48:18Z	HTTPError: HTTP Error 404: The specified blob does not exist.
34156973742	1	101850761663	e2e	completed	skipped	dc5b6642125dde823a784f199fc57d189f2981df	pull_request	2026-09-07T19:48:18Z	HTTPError: HTTP Error 404: The specified blob does not exist.
34156806106	1	101850260678	app	completed	failure	3c319cc8b9c1c7f151e68442aedd3ec2db56c0a3	push	2026-09-07T19:45:38Z	fetched
34156806106	1	101850260682	e2e	completed	success	3c319cc8b9c1c7f151e68442aedd3ec2db56c0a3	push	2026-09-07T19:45:38Z	fetched
34154418700	1	101843211044	e2e	completed	success	aad40526dcc7ebe4acf89b7769de0d6422beff6e	pull_request	2026-09-07T19:08:23Z	fetched
34154418700	1	101843211045	app	completed	success	aad40526dcc7ebe4acf89b7769de0d6422beff6e	pull_request	2026-09-07T19:08:23Z	fetched
34153231965	1	101839688107	e2e	completed	success	36e50d33ed92fa264cd785a0da724c7b6fb7de7d	push	2026-09-07T18:50:14Z	fetched
34153231965	1	101839688110	app	completed	success	36e50d33ed92fa264cd785a0da724c7b6fb7de7d	push	2026-09-07T18:50:14Z	fetched
34151856602	1	101835679459	app	completed	success	e72b340dfb33da19e2aad0595f604d1a3bcbf228	pull_request	2026-09-07T18:29:47Z	fetched
34151856602	1	101835679575	e2e	completed	success	e72b340dfb33da19e2aad0595f604d1a3bcbf228	pull_request	2026-09-07T18:29:47Z	fetched
34151797365	1	101835494920	app	completed	failure	05774f8633f34f6de907886b39ad81060c1ee38a	pull_request	2026-09-07T18:28:54Z	fetched
34151797365	1	101835495027	e2e	completed	success	05774f8633f34f6de907886b39ad81060c1ee38a	pull_request	2026-09-07T18:28:54Z	fetched
34147811865	1	101823563107	e2e	completed	success	e7efbc74b9d33cac7b882ec2a15ac23e71a5455c	pull_request	2026-09-07T17:29:22Z	fetched
34147811865	1	101823563158	app	completed	success	e7efbc74b9d33cac7b882ec2a15ac23e71a5455c	pull_request	2026-09-07T17:29:22Z	fetched
34146931167	1	101820922057	app	completed	success	5a94471e01ced0c02f6fdd53668c80f20cfea646	pull_request	2026-09-07T17:16:42Z	fetched
34146931167	1	101820922073	e2e	completed	success	5a94471e01ced0c02f6fdd53668c80f20cfea646	pull_request	2026-09-07T17:16:42Z	fetched
34146587339	1	101819889176	e2e	completed	skipped	cac7b3fcfc79361593c4a7859ac1d08700a420f2	pull_request	2026-09-07T17:11:57Z	HTTPError: HTTP Error 404: The specified blob does not exist.
34146587339	1	101819889600	app	completed	skipped	cac7b3fcfc79361593c4a7859ac1d08700a420f2	pull_request	2026-09-07T17:11:57Z	HTTPError: HTTP Error 404: The specified blob does not exist.
34146107522	1	101818426055	app	completed	success	9a061b1cbed342343f0b2560a94b138343d9a2ab	pull_request	2026-09-07T17:05:12Z	fetched
34146107522	1	101818426087	e2e	completed	success	9a061b1cbed342343f0b2560a94b138343d9a2ab	pull_request	2026-09-07T17:05:12Z	fetched
34145705047	1	101817236715	e2e	completed	success	8326fb2c3a04bb9bac5608e18ed1c59ac7030a28	push	2026-09-07T16:59:41Z	fetched
34145705047	1	101817236758	app	completed	success	8326fb2c3a04bb9bac5608e18ed1c59ac7030a28	push	2026-09-07T16:59:41Z	fetched
34145200356	1	101815668608	e2e	completed	success	81ff099cd15b3ca56ef98447b0be699a1c2d7139	pull_request	2026-09-07T16:52:19Z	fetched
34145200356	1	101815668667	app	completed	success	81ff099cd15b3ca56ef98447b0be699a1c2d7139	pull_request	2026-09-07T16:52:19Z	fetched
34144964905	1	101814945158	app	completed	success	1be059e54e99d091b6f62f2fcbb187b06556968a	pull_request	2026-09-07T16:48:58Z	fetched
34144964905	1	101814945211	e2e	completed	success	1be059e54e99d091b6f62f2fcbb187b06556968a	pull_request	2026-09-07T16:48:58Z	fetched
34143846506	1	101811533370	app	completed	success	406140f35a0fd6eeb63ce08f645caa308d09ddd8	pull_request	2026-09-07T16:33:52Z	fetched
34143846506	1	101811533419	e2e	completed	success	406140f35a0fd6eeb63ce08f645caa308d09ddd8	pull_request	2026-09-07T16:33:52Z	fetched
34143390056	1	101810148366	app	completed	success	4daeff32b8ca4f62df938d1acc656db401212b50	push	2026-09-07T16:28:01Z	fetched
34143390056	1	101810148416	e2e	completed	success	4daeff32b8ca4f62df938d1acc656db401212b50	push	2026-09-07T16:28:01Z	fetched
34142473165	1	101807324349	app	completed	failure	e7d72a37646fc0ca8b2cdcea88a008cdc0b8ee90	pull_request	2026-09-07T16:16:21Z	fetched
34142473165	1	101807324375	e2e	completed	failure	e7d72a37646fc0ca8b2cdcea88a008cdc0b8ee90	pull_request	2026-09-07T16:16:21Z	fetched
34141914460	1	101805617744	e2e	completed	success	a8f715401a47d3ca961a325c3d57dfe8ece222a8	pull_request	2026-09-07T16:09:41Z	fetched
34141914460	1	101805617794	app	completed	success	a8f715401a47d3ca961a325c3d57dfe8ece222a8	pull_request	2026-09-07T16:09:41Z	fetched
34141885363	1	101805530304	app	completed	success	90e8ebdf20eccf8e20edcde32dd6f16d5e756920	pull_request	2026-09-07T16:09:20Z	fetched
34141885363	1	101805530392	e2e	completed	success	90e8ebdf20eccf8e20edcde32dd6f16d5e756920	pull_request	2026-09-07T16:09:20Z	fetched
34141355998	1	101803886561	app	completed	success	3149eb3b46029c06c9c1532bc836991f6087c54d	pull_request	2026-09-07T16:02:57Z	fetched
34141355998	1	101803886761	e2e	completed	success	3149eb3b46029c06c9c1532bc836991f6087c54d	pull_request	2026-09-07T16:02:57Z	fetched
34140371515	1	101800824470	e2e	completed	success	550bd566101f1e1d271468a35240bd30150e83f5	pull_request	2026-09-07T15:50:51Z	fetched
34140371515	1	101800824503	app	completed	success	550bd566101f1e1d271468a35240bd30150e83f5	pull_request	2026-09-07T15:50:51Z	fetched
34138068682	1	101793624446	app	completed	success	6138b6b8fdd1f2245a5d77710985f692f8829474	push	2026-09-07T15:23:35Z	fetched
34138068682	1	101793624531	e2e	completed	success	6138b6b8fdd1f2245a5d77710985f692f8829474	push	2026-09-07T15:23:35Z	fetched
34137270344	1	101791091929	app	completed	success	2565bdfb4565b90b12b5806581fc95be00f03141	pull_request	2026-09-07T15:14:27Z	fetched
34137270344	1	101791092100	e2e	completed	success	2565bdfb4565b90b12b5806581fc95be00f03141	pull_request	2026-09-07T15:14:27Z	fetched
34135229606	1	101784577569	e2e	completed	success	f2a2bb0a7d335449fff216feaed262f3e102da01	push	2026-09-07T14:51:29Z	fetched
34135229606	1	101784577677	app	completed	success	f2a2bb0a7d335449fff216feaed262f3e102da01	push	2026-09-07T14:51:29Z	fetched
34134367254	1	101781807946	app	completed	success	593b2cb770c1ab7e0e4989239c61c02157515b5a	pull_request	2026-09-07T14:41:52Z	fetched
34134367254	1	101781807963	e2e	completed	success	593b2cb770c1ab7e0e4989239c61c02157515b5a	pull_request	2026-09-07T14:41:52Z	fetched
34134003770	1	101780638427	e2e	completed	success	f5a6fb85ac7a82343995ce27182ffa2d5ad7d80e	push	2026-09-07T14:37:52Z	fetched
34134003770	1	101780638620	app	completed	success	f5a6fb85ac7a82343995ce27182ffa2d5ad7d80e	push	2026-09-07T14:37:52Z	fetched
34133101999	1	101777755025	e2e	completed	success	99e4a2ce46c7a1c675d796d78fa63059b5bfaf03	pull_request	2026-09-07T14:28:01Z	fetched
34133101999	1	101777755094	app	completed	success	99e4a2ce46c7a1c675d796d78fa63059b5bfaf03	pull_request	2026-09-07T14:28:01Z	fetched
34132891822	1	101777085024	app	completed	success	53e708f7c089c0fbed9325279c8f6aecd185d996	pull_request	2026-09-07T14:25:43Z	fetched
34132891822	1	101777085117	e2e	completed	success	53e708f7c089c0fbed9325279c8f6aecd185d996	pull_request	2026-09-07T14:25:43Z	fetched
34132199516	1	101774782293	app	completed	success	cd8942d34cc4e16af85b53f5e30237f1c69ec4e6	pull_request	2026-09-07T14:18:03Z	fetched
34132199516	1	101774782387	e2e	completed	success	cd8942d34cc4e16af85b53f5e30237f1c69ec4e6	pull_request	2026-09-07T14:18:03Z	fetched
34131021422	1	101770959725	app	completed	success	94a69c34c4baf018a575155a20381b220b225d01	pull_request	2026-09-07T14:05:29Z	fetched
34131021422	1	101770959793	e2e	completed	success	94a69c34c4baf018a575155a20381b220b225d01	pull_request	2026-09-07T14:05:29Z	fetched
34130827732	1	101770327844	app	completed	success	8830a1fd521326aefc5028bb71df52e2c0c6b453	pull_request	2026-09-07T14:03:24Z	fetched
34130827732	1	101770327973	e2e	completed	success	8830a1fd521326aefc5028bb71df52e2c0c6b453	pull_request	2026-09-07T14:03:24Z	fetched
34127510780	1	101759636498	app	completed	skipped	11c5995c552739b3cf5784c91c4ee243005d9b74	push	2026-09-07T13:27:40Z	HTTPError: HTTP Error 404: The specified blob does not exist.
34127510780	1	101759637215	e2e	completed	skipped	11c5995c552739b3cf5784c91c4ee243005d9b74	push	2026-09-07T13:27:40Z	HTTPError: HTTP Error 404: The specified blob does not exist.
34126834986	1	101757459247	app	completed	success	ee77a114bfc853e69764169f5d033e49351536a5	push	2026-09-07T13:20:18Z	fetched
34126834986	1	101757459270	e2e	completed	success	ee77a114bfc853e69764169f5d033e49351536a5	push	2026-09-07T13:20:18Z	fetched
34126695184	1	101756994767	e2e	completed	skipped	9681c2623f57e1737557f4d2b4877433e0c6d3ba	pull_request	2026-09-07T13:18:51Z	HTTPError: HTTP Error 404: The specified blob does not exist.
34126695184	1	101756994783	app	completed	skipped	9681c2623f57e1737557f4d2b4877433e0c6d3ba	pull_request	2026-09-07T13:18:51Z	HTTPError: HTTP Error 404: The specified blob does not exist.
34119972019	1	101735606624	app	completed	success	ea7f824483c5d6b5c2e09e1187b31c17e00c823e	push	2026-09-07T12:05:22Z	fetched
34119972019	1	101735606689	e2e	completed	success	ea7f824483c5d6b5c2e09e1187b31c17e00c823e	push	2026-09-07T12:05:22Z	fetched
34084708299	1	101626457007	e2e	completed	success	9d6fb7570fd6ac4d4437f4eb749893b0cca9aaae	pull_request	2026-09-07T04:52:30Z	fetched
34084708299	1	101626457381	app	completed	success	9d6fb7570fd6ac4d4437f4eb749893b0cca9aaae	pull_request	2026-09-07T04:52:30Z	fetched
34084233028	1	101625151922	app	completed	success	b4ed9253851766dfba71f8fe3d006aae18e28060	pull_request	2026-09-07T04:44:39Z	fetched
34084233028	1	101625151961	e2e	completed	success	b4ed9253851766dfba71f8fe3d006aae18e28060	pull_request	2026-09-07T04:44:39Z	fetched
34084055713	1	101624653884	app	completed	success	8e19cac855dcd6fd364d9fafb4eede2d4f4bfa44	pull_request	2026-09-07T04:41:44Z	fetched
34084055713	1	101624653898	e2e	completed	success	8e19cac855dcd6fd364d9fafb4eede2d4f4bfa44	pull_request	2026-09-07T04:41:44Z	fetched
34083480446	1	101623074233	e2e	completed	success	e9536aa6d89c98312ab533b464f5d5e2b0b08832	pull_request	2026-09-07T04:32:27Z	fetched
34083480446	1	101623074257	app	completed	success	e9536aa6d89c98312ab533b464f5d5e2b0b08832	pull_request	2026-09-07T04:32:27Z	fetched
34082536018	1	101620470508	e2e	completed	success	5f6df03951d97c89236fe75792a0833cf08a541a	pull_request	2026-09-07T04:17:20Z	fetched
34082536018	1	101620470546	app	completed	success	5f6df03951d97c89236fe75792a0833cf08a541a	pull_request	2026-09-07T04:17:20Z	fetched
34080739224	1	101615414829	e2e	completed	success	a6fc1e968e284feed174bae7c1cadcfa3f2378d0	push	2026-09-07T03:45:42Z	fetched
34080739224	1	101615414935	app	completed	success	a6fc1e968e284feed174bae7c1cadcfa3f2378d0	push	2026-09-07T03:45:42Z	fetched
34080291038	1	101614198116	app	completed	skipped	5005e1c5cbb768ce47a438a09681f9516b9d8255	push	2026-09-07T03:37:47Z	HTTPError: HTTP Error 404: The specified blob does not exist.
34080291038	1	101614198419	e2e	completed	skipped	5005e1c5cbb768ce47a438a09681f9516b9d8255	push	2026-09-07T03:37:47Z	HTTPError: HTTP Error 404: The specified blob does not exist.
34080258208	1	101614106658	app	completed	skipped	fa1c5a19eef2aee281be595012500bcd31297f2a	pull_request	2026-09-07T03:37:13Z	HTTPError: HTTP Error 404: The specified blob does not exist.
34080258208	1	101614106825	e2e	completed	skipped	fa1c5a19eef2aee281be595012500bcd31297f2a	pull_request	2026-09-07T03:37:13Z	HTTPError: HTTP Error 404: The specified blob does not exist.
34080199497	1	101613946924	app	completed	success	aa294e89843a61a7cbadb50f49744040e13d0fd6	pull_request	2026-09-07T03:36:14Z	fetched
34080199497	1	101613946956	e2e	completed	success	aa294e89843a61a7cbadb50f49744040e13d0fd6	pull_request	2026-09-07T03:36:14Z	fetched
34079616826	1	101612317832	e2e	completed	success	2fe740c4fdb7446e1d74f6d4817605a4b4f4f99f	pull_request	2026-09-07T03:25:50Z	fetched
34079616826	1	101612317838	app	completed	success	2fe740c4fdb7446e1d74f6d4817605a4b4f4f99f	pull_request	2026-09-07T03:25:50Z	fetched
34079381075	1	101611661086	app	completed	success	1b335227f9cdb1ff229ff72a5c255a0234b88ca6	pull_request	2026-09-07T03:21:40Z	fetched
34079381075	1	101611661137	e2e	completed	success	1b335227f9cdb1ff229ff72a5c255a0234b88ca6	pull_request	2026-09-07T03:21:40Z	fetched
34079096245	1	101610855173	app	completed	success	dd83c2867f20714bb735a283ea52da72698c50d3	pull_request	2026-09-07T03:16:26Z	fetched
34079096245	1	101610855190	e2e	completed	success	dd83c2867f20714bb735a283ea52da72698c50d3	pull_request	2026-09-07T03:16:26Z	fetched
34078272885	1	101608583843	app	completed	success	08e13d9ed213a44d97038d02095624eda7921d84	push	2026-09-07T03:02:36Z	fetched
34078272885	1	101608583891	e2e	completed	success	08e13d9ed213a44d97038d02095624eda7921d84	push	2026-09-07T03:02:36Z	fetched
34077741446	1	101607099107	app	completed	success	5573a9b9e1f4387a746d84519ba9c5a12de454d9	pull_request	2026-09-07T02:52:46Z	fetched
34077741446	1	101607099151	e2e	completed	success	5573a9b9e1f4387a746d84519ba9c5a12de454d9	pull_request	2026-09-07T02:52:46Z	fetched
34077517806	1	101606475921	e2e	completed	skipped	3bd70dd28d26566334fba319aeaf719afc992337	pull_request	2026-09-07T02:48:39Z	HTTPError: HTTP Error 404: The specified blob does not exist.
34077517806	1	101606476322	app	completed	skipped	3bd70dd28d26566334fba319aeaf719afc992337	pull_request	2026-09-07T02:48:39Z	HTTPError: HTTP Error 404: The specified blob does not exist.
34077274031	1	101605795920	e2e	completed	skipped	f0c2edfee5b6b91f7ea262b3137c16790c8aeb16	pull_request	2026-09-07T02:44:19Z	HTTPError: HTTP Error 404: The specified blob does not exist.
34077274031	1	101605796067	app	completed	skipped	f0c2edfee5b6b91f7ea262b3137c16790c8aeb16	pull_request	2026-09-07T02:44:19Z	HTTPError: HTTP Error 404: The specified blob does not exist.
34076792943	1	101604411272	e2e	completed	success	e6cb29954af42d4b5d7d59d7fe709ea3a0f7a319	push	2026-09-07T02:35:35Z	fetched
34076792943	1	101604411273	app	completed	success	e6cb29954af42d4b5d7d59d7fe709ea3a0f7a319	push	2026-09-07T02:35:35Z	fetched
34076270752	1	101602925273	app	completed	success	3e3f5b3f1e37005fc141cee383438210cbb95f69	pull_request	2026-09-07T02:26:01Z	fetched
34076270752	1	101602925328	e2e	completed	success	3e3f5b3f1e37005fc141cee383438210cbb95f69	pull_request	2026-09-07T02:26:01Z	fetched
34075983468	1	101602096571	app	completed	success	fafeecb1d50b77ab1439bbc5d272b4764791980f	pull_request	2026-09-07T02:20:49Z	fetched
34075983468	1	101602096613	e2e	completed	success	fafeecb1d50b77ab1439bbc5d272b4764791980f	pull_request	2026-09-07T02:20:49Z	fetched
34074877619	1	101598961524	e2e	completed	success	cc2f3d33899fa74335bb4a7790a0b6b9638bdcdc	pull_request	2026-09-07T02:01:13Z	fetched
34074877619	1	101598961537	app	completed	success	cc2f3d33899fa74335bb4a7790a0b6b9638bdcdc	pull_request	2026-09-07T02:01:13Z	fetched
34073841958	1	101596114338	e2e	completed	skipped	8986f81d663779d7beb1dba862d8f787ac31e8db	push	2026-09-07T01:41:43Z	HTTPError: HTTP Error 404: The specified blob does not exist.
34073841958	1	101596114466	app	completed	skipped	8986f81d663779d7beb1dba862d8f787ac31e8db	push	2026-09-07T01:41:43Z	HTTPError: HTTP Error 404: The specified blob does not exist.
34072903221	1	101593473255	e2e	completed	skipped	7598d0775f66037253ce1a499f84fa6fdda12e2d	pull_request	2026-09-07T01:24:17Z	HTTPError: HTTP Error 404: The specified blob does not exist.
34072903221	1	101593473514	app	completed	skipped	7598d0775f66037253ce1a499f84fa6fdda12e2d	pull_request	2026-09-07T01:24:17Z	HTTPError: HTTP Error 404: The specified blob does not exist.
34072114400	1	101591272450	app	completed	success	43e7faf9538750fbc27b3379de69684e8ec2c998	push	2026-09-07T01:09:50Z	fetched
34072114400	1	101591272451	e2e	completed	success	43e7faf9538750fbc27b3379de69684e8ec2c998	push	2026-09-07T01:09:50Z	fetched
34072107301	1	101591258679	app	completed	success	d08345df57be508d2dea03c5e70afc8020eb9728	pull_request	2026-09-07T01:09:43Z	fetched
34072107301	1	101591258709	e2e	completed	success	d08345df57be508d2dea03c5e70afc8020eb9728	pull_request	2026-09-07T01:09:43Z	fetched
34071106589	1	101588521785	app	completed	success	03566cd7bbb9b1bf76cf4d075f54b1f650159f64	pull_request	2026-09-07T00:51:05Z	fetched
34071106589	1	101588521823	e2e	completed	success	03566cd7bbb9b1bf76cf4d075f54b1f650159f64	pull_request	2026-09-07T00:51:05Z	fetched
34070380638	1	101586523580	e2e	completed	success	903ba404bb603c47cf9219b987a7ab5b55bc5d20	push	2026-09-07T00:37:05Z	fetched
34070380638	1	101586523641	app	completed	success	903ba404bb603c47cf9219b987a7ab5b55bc5d20	push	2026-09-07T00:37:05Z	fetched
34069706324	1	101584688038	e2e	completed	success	e5e511e5c1455eb2399d4277f4807dc5b1e76065	pull_request	2026-09-07T00:24:16Z	fetched
34069706324	1	101584688060	app	completed	success	e5e511e5c1455eb2399d4277f4807dc5b1e76065	pull_request	2026-09-07T00:24:16Z	fetched
34066157068	1	101575188196	e2e	completed	success	d8fe78bd2893fb72f724924141d998b8608bc650	push	2026-09-06T23:11:04Z	fetched
34066157068	1	101575188269	app	completed	success	d8fe78bd2893fb72f724924141d998b8608bc650	push	2026-09-06T23:11:04Z	fetched
34064905698	1	101571881160	app	completed	success	706aa6d96cbcd35ea0f31e7606c0ec1c04cbc445	pull_request	2026-09-06T22:44:45Z	fetched
34064905698	1	101571881166	e2e	completed	success	706aa6d96cbcd35ea0f31e7606c0ec1c04cbc445	pull_request	2026-09-06T22:44:45Z	fetched
34062304584	1	101564897781	app	completed	success	534367dfe9ad0a0796ed5a8105ebc57c43d66111	push	2026-09-06T21:51:25Z	fetched
34062304584	1	101564897797	e2e	completed	success	534367dfe9ad0a0796ed5a8105ebc57c43d66111	push	2026-09-06T21:51:25Z	fetched
34061395275	1	101562477640	e2e	completed	success	47897f4eab44cefabdc39639c52876868d15a22f	pull_request	2026-09-06T21:32:40Z	fetched
34061395275	1	101562477649	app	completed	success	47897f4eab44cefabdc39639c52876868d15a22f	pull_request	2026-09-06T21:32:40Z	fetched
34061341446	1	101562334468	e2e	completed	success	605412a8ad17400875fe97c0645c5f08332bfda3	pull_request	2026-09-06T21:31:39Z	fetched
34061341446	1	101562334482	app	completed	success	605412a8ad17400875fe97c0645c5f08332bfda3	pull_request	2026-09-06T21:31:39Z	fetched
34060548981	1	101560216355	app	completed	success	1b011c577955dcddb87704eb39571fd34fff77e2	pull_request	2026-09-06T21:16:14Z	fetched
34060548981	1	101560216401	e2e	completed	success	1b011c577955dcddb87704eb39571fd34fff77e2	pull_request	2026-09-06T21:16:14Z	fetched
34060163468	1	101559180564	app	completed	success	d64e57fd97f4b3114318594a6ad469e63fe8ebd2	push	2026-09-06T21:08:58Z	fetched
34060163468	1	101559180581	e2e	completed	success	d64e57fd97f4b3114318594a6ad469e63fe8ebd2	push	2026-09-06T21:08:58Z	fetched
34060068410	1	101558922689	app	completed	success	a41f0f886c19d98911e420f09f93a42f8e2a77e4	pull_request	2026-09-06T21:07:06Z	fetched
34060068410	1	101558922727	e2e	completed	success	a41f0f886c19d98911e420f09f93a42f8e2a77e4	pull_request	2026-09-06T21:07:06Z	fetched
34059649468	1	101557792883	app	completed	success	f2429a0ebf3d12eefd5f606cf2fb826bed33e01b	pull_request	2026-09-06T20:59:18Z	fetched
34059649468	1	101557792915	e2e	completed	success	f2429a0ebf3d12eefd5f606cf2fb826bed33e01b	pull_request	2026-09-06T20:59:18Z	fetched
34059439763	1	101557237220	e2e	completed	success	360296f8dcdfb1681ba24f8e3493d056b1871609	pull_request	2026-09-06T20:54:50Z	fetched
34059439763	1	101557237360	app	completed	success	360296f8dcdfb1681ba24f8e3493d056b1871609	pull_request	2026-09-06T20:54:50Z	fetched
34056534183	1	101549377716	e2e	completed	success	6b5cd0c0b880d30556bb38322ab7907a455c6a02	push	2026-09-06T19:58:37Z	fetched
34056534183	1	101549377737	app	completed	success	6b5cd0c0b880d30556bb38322ab7907a455c6a02	push	2026-09-06T19:58:37Z	fetched
34056053610	1	101548074566	e2e	completed	success	38f50284d214a3ca35e8a5130b7691c932f313ab	pull_request	2026-09-06T19:48:49Z	fetched
34056053610	1	101548074580	app	completed	success	38f50284d214a3ca35e8a5130b7691c932f313ab	pull_request	2026-09-06T19:48:49Z	fetched
34055396726	1	101546294246	e2e	completed	success	343c3b6151d32a6c2713a0396119df6999db3847	push	2026-09-06T19:35:55Z	fetched
34055396726	1	101546294311	app	completed	success	343c3b6151d32a6c2713a0396119df6999db3847	push	2026-09-06T19:35:55Z	fetched
34054890257	1	101544968692	e2e	completed	success	9fe89ff42e5c8294dfd31764c0b2c27a16248342	pull_request	2026-09-06T19:26:15Z	fetched
34054890257	1	101544968720	app	completed	success	9fe89ff42e5c8294dfd31764c0b2c27a16248342	pull_request	2026-09-06T19:26:15Z	fetched
34053900738	1	101542227391	app	completed	success	085fddb49b6457aadfed28e034e92fbd0cd11846	pull_request	2026-09-06T19:07:47Z	fetched
34053900738	1	101542227426	e2e	completed	success	085fddb49b6457aadfed28e034e92fbd0cd11846	pull_request	2026-09-06T19:07:47Z	fetched
34053792251	1	101541941897	e2e	completed	success	e95b1a74a0ffdbd3602454d8a367e0f903428bd7	pull_request	2026-09-06T19:05:45Z	fetched
34053792251	1	101541941936	app	completed	success	e95b1a74a0ffdbd3602454d8a367e0f903428bd7	pull_request	2026-09-06T19:05:45Z	fetched
34053303479	1	101540678646	app	completed	success	0819a7d20a0d2c3a8c18b9120a6b106b7effa04a	pull_request	2026-09-06T18:56:40Z	fetched
34053303479	1	101540678678	e2e	completed	success	0819a7d20a0d2c3a8c18b9120a6b106b7effa04a	pull_request	2026-09-06T18:56:40Z	fetched
34046838109	1	101523313425	app	completed	success	fde6a12be1101e3cde1160cf972ebee5314dcd52	push	2026-09-06T16:52:37Z	fetched
34046838109	1	101523313474	e2e	completed	success	fde6a12be1101e3cde1160cf972ebee5314dcd52	push	2026-09-06T16:52:37Z	fetched
34046337413	1	101521970433	e2e	completed	success	6bdd65f5b2cd69aad7fd3ac8ad0488bbe4628a92	pull_request	2026-09-06T16:43:04Z	fetched
34046337413	1	101521970450	app	completed	success	6bdd65f5b2cd69aad7fd3ac8ad0488bbe4628a92	pull_request	2026-09-06T16:43:04Z	fetched
34043313335	1	101513869078	app	completed	success	1cda41e7609393c7758aed470ed9bf1b8f2fab71	push	2026-09-06T15:45:37Z	fetched
34043313335	1	101513869088	e2e	completed	success	1cda41e7609393c7758aed470ed9bf1b8f2fab71	push	2026-09-06T15:45:37Z	fetched
34042699370	1	101512259975	app	completed	success	afa9414ba4e6ab6903dc86cfd164e1eebc822ab2	pull_request	2026-09-06T15:33:46Z	fetched
34042699370	1	101512259985	e2e	completed	success	afa9414ba4e6ab6903dc86cfd164e1eebc822ab2	pull_request	2026-09-06T15:33:46Z	fetched
34040735144	1	101506919768	app	completed	success	d27ee17d5809af6ebe5f61b8f4343253b82067fa	pull_request	2026-09-06T14:56:37Z	fetched
34040735144	1	101506919793	e2e	completed	success	d27ee17d5809af6ebe5f61b8f4343253b82067fa	pull_request	2026-09-06T14:56:37Z	fetched
34040490351	1	101506257690	app	completed	success	4e90da1240be6ca53130d19a80df475dfbba1ea2	pull_request	2026-09-06T14:51:43Z	fetched
34040490351	1	101506257739	e2e	completed	failure	4e90da1240be6ca53130d19a80df475dfbba1ea2	pull_request	2026-09-06T14:51:43Z	fetched
34040145839	1	101505322607	app	completed	success	6908beb6704c11104bbcc71db406cc4de1416056	pull_request	2026-09-06T14:45:08Z	fetched
34040145839	1	101505322663	e2e	completed	success	6908beb6704c11104bbcc71db406cc4de1416056	pull_request	2026-09-06T14:45:08Z	fetched
34039706371	1	101504145323	app	completed	skipped	f78be4fa5c76dee244cc04a0adfd605847b8aa90	push	2026-09-06T14:36:41Z	HTTPError: HTTP Error 404: The specified blob does not exist.
34039706371	1	101504145660	e2e	completed	skipped	f78be4fa5c76dee244cc04a0adfd605847b8aa90	push	2026-09-06T14:36:41Z	HTTPError: HTTP Error 404: The specified blob does not exist.
34039674051	1	101504052303	app	completed	skipped	5fc02ca938bc569ac7de1e3e8da8887a02ab53f2	pull_request	2026-09-06T14:36:04Z	HTTPError: HTTP Error 404: The specified blob does not exist.
34039674051	1	101504052685	e2e	completed	skipped	5fc02ca938bc569ac7de1e3e8da8887a02ab53f2	pull_request	2026-09-06T14:36:04Z	HTTPError: HTTP Error 404: The specified blob does not exist.
34039021631	1	101502282900	app	completed	success	5c747b121c2674c16813c6b917a745abb9c6de35	pull_request	2026-09-06T14:23:39Z	fetched
34039021631	1	101502282954	e2e	completed	success	5c747b121c2674c16813c6b917a745abb9c6de35	pull_request	2026-09-06T14:23:39Z	fetched
34038992681	1	101502217905	app	completed	success	125a68288234be11a98a743bc6903ed87e3524be	push	2026-09-06T14:23:07Z	fetched
34038992681	1	101502217943	e2e	completed	success	125a68288234be11a98a743bc6903ed87e3524be	push	2026-09-06T14:23:07Z	fetched
34038506734	1	101500911384	e2e	completed	success	81a82ad355a3a022a8c18d8b9e912b84516286d4	pull_request	2026-09-06T14:13:52Z	fetched
34038506734	1	101500911394	app	completed	success	81a82ad355a3a022a8c18d8b9e912b84516286d4	pull_request	2026-09-06T14:13:52Z	fetched
34037142258	1	101497198684	app	completed	success	1632f2e76962d31cc70fadce6e502b3be278f4b9	pull_request	2026-09-06T13:47:04Z	fetched
34037142258	1	101497198704	e2e	completed	success	1632f2e76962d31cc70fadce6e502b3be278f4b9	pull_request	2026-09-06T13:47:04Z	fetched
34036562706	1	101495630916	app	completed	success	392e1f2c130068cb4cdf41cfdf5b65b8b34cd17e	pull_request	2026-09-06T13:35:38Z	fetched
34036562706	1	101495630978	e2e	completed	success	392e1f2c130068cb4cdf41cfdf5b65b8b34cd17e	pull_request	2026-09-06T13:35:38Z	fetched
34036327490	1	101494987441	app	completed	success	e95d28509733e371567f9266f458af1f93765270	pull_request	2026-09-06T13:31:00Z	fetched
34036327490	1	101494987442	e2e	completed	success	e95d28509733e371567f9266f458af1f93765270	pull_request	2026-09-06T13:31:00Z	fetched
34035744483	1	101493398484	app	completed	success	f7f77bc89761631497b3eb1f1f8d420e6de754a8	pull_request	2026-09-06T13:19:24Z	fetched
34035744483	1	101493398503	e2e	completed	success	f7f77bc89761631497b3eb1f1f8d420e6de754a8	pull_request	2026-09-06T13:19:24Z	fetched
34034699299	1	101490557142	app	completed	success	05ded2ce10d9e2b15fed58544bc05bca51d6041e	pull_request	2026-09-06T12:58:56Z	fetched
34034699299	1	101490557146	e2e	completed	success	05ded2ce10d9e2b15fed58544bc05bca51d6041e	pull_request	2026-09-06T12:58:56Z	fetched
34033771191	1	101488048381	app	completed	success	67307c619f2aa362d3c58db38f8696495596f1bc	pull_request	2026-09-06T12:39:46Z	fetched
34033771191	1	101488048522	e2e	completed	success	67307c619f2aa362d3c58db38f8696495596f1bc	pull_request	2026-09-06T12:39:46Z	fetched
34032663761	1	101485023381	app	completed	success	ef0530095fcdc447ec73740fd2cf822c755d6339	pull_request	2026-09-06T12:17:29Z	fetched
34032663761	1	101485023431	e2e	completed	success	ef0530095fcdc447ec73740fd2cf822c755d6339	pull_request	2026-09-06T12:17:29Z	fetched
34031115204	1	101480697787	app	completed	success	4df605dfd83e7345817370249a5ff9ed6d3eab56	push	2026-09-06T11:44:40Z	fetched
34031115204	1	101480697802	e2e	completed	success	4df605dfd83e7345817370249a5ff9ed6d3eab56	push	2026-09-06T11:44:40Z	fetched
34011832890	1	101428917583	app	completed	success	9d5eab21eed204cb69ffd3eabcf094d5fd252d62	pull_request	2026-09-06T04:34:14Z	fetched
34011832890	1	101428917584	e2e	completed	success	9d5eab21eed204cb69ffd3eabcf094d5fd252d62	pull_request	2026-09-06T04:34:14Z	fetched
34010533948	1	101425476957	app	completed	success	beeaae428f85c588d8d72e603c5bb774b66bb525	pull_request	2026-09-06T04:03:36Z	fetched
34010533948	1	101425476980	e2e	completed	success	beeaae428f85c588d8d72e603c5bb774b66bb525	pull_request	2026-09-06T04:03:36Z	fetched
34007953800	1	101418540213	app	completed	success	8b033596c7a784be92d76ef9fc26835331dbebae	push	2026-09-06T03:01:41Z	fetched
34007953800	1	101418540236	e2e	completed	success	8b033596c7a784be92d76ef9fc26835331dbebae	push	2026-09-06T03:01:41Z	fetched
34007608749	1	101417611581	app	completed	success	76758162f88950d6a7f5ca3f274c3aab9da8cb00	pull_request	2026-09-06T02:53:05Z	fetched
34007608749	1	101417611665	e2e	completed	success	76758162f88950d6a7f5ca3f274c3aab9da8cb00	pull_request	2026-09-06T02:53:05Z	fetched
34007554324	1	101417468134	app	completed	skipped	93c0b96eac41106dfc9e5598c80295332fa309dc	push	2026-09-06T02:51:43Z	HTTPError: HTTP Error 404: The specified blob does not exist.
34007554324	1	101417468344	e2e	completed	skipped	93c0b96eac41106dfc9e5598c80295332fa309dc	push	2026-09-06T02:51:43Z	HTTPError: HTTP Error 404: The specified blob does not exist.
34007509960	1	101417351499	app	completed	skipped	da6aaab27d267d8398a10cf1ae2dde82591f4cdd	pull_request	2026-09-06T02:50:37Z	HTTPError: HTTP Error 404: The specified blob does not exist.
34007509960	1	101417351552	e2e	completed	skipped	da6aaab27d267d8398a10cf1ae2dde82591f4cdd	pull_request	2026-09-06T02:50:37Z	HTTPError: HTTP Error 404: The specified blob does not exist.
34006952141	1	101415860483	e2e	completed	success	d3ad7fb76f426ebdc62ce2fc67284b1030c7663e	push	2026-09-06T02:37:18Z	fetched
34006952141	1	101415860492	app	completed	success	d3ad7fb76f426ebdc62ce2fc67284b1030c7663e	push	2026-09-06T02:37:18Z	fetched
34006508351	1	101414622793	app	completed	success	12ee2396330e9a377be77bce4118f1ff6f1c924f	pull_request	2026-09-06T02:26:59Z	fetched
34006508351	1	101414622796	e2e	completed	success	12ee2396330e9a377be77bce4118f1ff6f1c924f	pull_request	2026-09-06T02:26:59Z	fetched
34006333328	1	101414134660	app	completed	success	eb881505da66588d757d42e84e7fa3fd694ff962	push	2026-09-06T02:22:53Z	fetched
34006333328	1	101414134679	e2e	completed	success	eb881505da66588d757d42e84e7fa3fd694ff962	push	2026-09-06T02:22:53Z	fetched
34005933775	1	101413001634	e2e	completed	success	dc7b639544e93eea90874770f6dc1974c01d8f4f	pull_request	2026-09-06T02:13:40Z	fetched
34005933775	1	101413001678	app	completed	success	dc7b639544e93eea90874770f6dc1974c01d8f4f	pull_request	2026-09-06T02:13:40Z	fetched
34003531529	1	101406548053	app	completed	success	2f5acacac26d955126a553406726a26ff172de38	pull_request	2026-09-06T01:18:02Z	fetched
34003531529	1	101406548058	e2e	completed	failure	2f5acacac26d955126a553406726a26ff172de38	pull_request	2026-09-06T01:18:02Z	fetched
34002119222	1	101402752181	e2e	completed	failure	20cb12ca100da4265e82dc0780fd7380ca81e1d3	pull_request	2026-09-06T00:45:23Z	fetched
34002119222	1	101402752185	app	completed	success	20cb12ca100da4265e82dc0780fd7380ca81e1d3	pull_request	2026-09-06T00:45:23Z	fetched
34001893246	1	101402146426	e2e	completed	success	2472133ab06df6ebe379e1417995b193c57f7078	push	2026-09-06T00:40:12Z	fetched
34001893246	1	101402146436	app	completed	success	2472133ab06df6ebe379e1417995b193c57f7078	push	2026-09-06T00:40:12Z	fetched
34001310101	1	101400585070	app	completed	success	f63e7ad86192563f5ed218400e86561f36e9fd28	pull_request	2026-09-06T00:27:01Z	fetched
34001310101	1	101400585077	e2e	completed	success	f63e7ad86192563f5ed218400e86561f36e9fd28	pull_request	2026-09-06T00:27:01Z	fetched
34001107901	1	101400037905	e2e	completed	success	088f309a64b1b5e2f90a77487c9b15832b94d9f8	pull_request	2026-09-06T00:22:18Z	fetched
34001107901	1	101400037910	app	completed	success	088f309a64b1b5e2f90a77487c9b15832b94d9f8	pull_request	2026-09-06T00:22:18Z	fetched
34000777343	1	101399160567	e2e	completed	success	4b8883b944d6a097c217da70b980f4eb4f3023f5	pull_request	2026-09-06T00:14:47Z	fetched
34000777343	1	101399160666	app	completed	success	4b8883b944d6a097c217da70b980f4eb4f3023f5	pull_request	2026-09-06T00:14:47Z	fetched
33996477782	1	101387819523	e2e	completed	success	798216a9f4a5c62539d1f111a3ecca20aa8ee3e6	push	2026-09-05T22:38:10Z	fetched
33996477782	1	101387819557	app	completed	success	798216a9f4a5c62539d1f111a3ecca20aa8ee3e6	push	2026-09-05T22:38:10Z	fetched
33989126638	1	101368077942	e2e	completed	success	74daa325ad1944db9af69e8f0624d6770b3e76ab	pull_request	2026-09-05T20:06:51Z	fetched
33989126638	1	101368077946	app	completed	success	74daa325ad1944db9af69e8f0624d6770b3e76ab	pull_request	2026-09-05T20:06:51Z	fetched
33988328805	1	101365919820	app	completed	success	0a99a65b2c99125fb4185e5cc4592fe8a17757c2	pull_request	2026-09-05T19:50:42Z	fetched
33988328805	1	101365919913	e2e	completed	success	0a99a65b2c99125fb4185e5cc4592fe8a17757c2	pull_request	2026-09-05T19:50:42Z	fetched
33971592423	1	101320987795	app	completed	skipped	85a0de9c50207530e2661b93009d55aa5e2731c6	push	2026-09-05T14:21:57Z	HTTPError: HTTP Error 404: The specified blob does not exist.
33971592423	1	101320987826	e2e	completed	skipped	85a0de9c50207530e2661b93009d55aa5e2731c6	push	2026-09-05T14:21:57Z	HTTPError: HTTP Error 404: The specified blob does not exist.
33971521557	1	101320797868	app	completed	skipped	479d61c5971242427a4b8f6a2ad8ef703b7fce1e	pull_request	2026-09-05T14:20:30Z	HTTPError: HTTP Error 404: The specified blob does not exist.
33971521557	1	101320797949	e2e	completed	skipped	479d61c5971242427a4b8f6a2ad8ef703b7fce1e	pull_request	2026-09-05T14:20:30Z	HTTPError: HTTP Error 404: The specified blob does not exist.
33970747664	1	101318722723	app	completed	success	ef2c3c7ab1995d34561c79210e18bfc625522077	push	2026-09-05T14:05:05Z	fetched
33970747664	1	101318722725	e2e	completed	success	ef2c3c7ab1995d34561c79210e18bfc625522077	push	2026-09-05T14:05:05Z	fetched
33970742380	1	101318717211	e2e	completed	skipped	1b81839ce08d03f53e51b297814d80ca730d651b	pull_request	2026-09-05T14:04:59Z	HTTPError: HTTP Error 404: The specified blob does not exist.
33970742380	1	101318717508	app	completed	skipped	1b81839ce08d03f53e51b297814d80ca730d651b	pull_request	2026-09-05T14:04:59Z	HTTPError: HTTP Error 404: The specified blob does not exist.
33970474180	1	101317997156	e2e	completed	skipped	a65842fa8b3bfaa111d06ddb8d1c8aef3a44883a	pull_request	2026-09-05T13:59:34Z	HTTPError: HTTP Error 404: The specified blob does not exist.
33970474180	1	101317997402	app	completed	skipped	a65842fa8b3bfaa111d06ddb8d1c8aef3a44883a	pull_request	2026-09-05T13:59:34Z	HTTPError: HTTP Error 404: The specified blob does not exist.
33969940719	1	101316567822	e2e	completed	success	1d8d51febcc5242876571a487cbf7e8003a37389	pull_request	2026-09-05T13:48:00Z	fetched
33969940719	1	101316567876	app	completed	success	1d8d51febcc5242876571a487cbf7e8003a37389	pull_request	2026-09-05T13:48:00Z	fetched
33969884060	1	101316415577	e2e	completed	skipped	3ed2a23385957c6af91294a2eae56a6b5bd99a49	pull_request	2026-09-05T13:46:50Z	HTTPError: HTTP Error 404: The specified blob does not exist.
33969884060	1	101316415690	app	completed	skipped	3ed2a23385957c6af91294a2eae56a6b5bd99a49	pull_request	2026-09-05T13:46:50Z	HTTPError: HTTP Error 404: The specified blob does not exist.
33969620641	1	101315726081	e2e	completed	success	dd1b287fb7273abe2e00726657db8d960f2543ef	pull_request	2026-09-05T13:41:18Z	fetched
33969620641	1	101315726118	app	completed	success	dd1b287fb7273abe2e00726657db8d960f2543ef	pull_request	2026-09-05T13:41:18Z	fetched
33968554979	1	101312912069	e2e	completed	success	f014c944577fee3b4f664fdf93d288cf73dbb044	push	2026-09-05T13:19:18Z	fetched
33968554979	1	101312912116	app	completed	success	f014c944577fee3b4f664fdf93d288cf73dbb044	push	2026-09-05T13:19:18Z	fetched
33968090919	1	101311678135	e2e	completed	success	bf39690e4063f87e9f9441ed3dbc24f462ae30af	pull_request	2026-09-05T13:09:45Z	fetched
33968090919	1	101311678190	app	completed	success	bf39690e4063f87e9f9441ed3dbc24f462ae30af	pull_request	2026-09-05T13:09:45Z	fetched
33967913654	1	101311200475	app	completed	success	f927ef4dd78ff39c0aef89fb30eb89c0510c1977	push	2026-09-05T13:06:02Z	fetched
33967913654	1	101311200594	e2e	completed	success	f927ef4dd78ff39c0aef89fb30eb89c0510c1977	push	2026-09-05T13:06:02Z	fetched
33967461072	1	101309997563	app	completed	success	884059032f528f8cc64ecf84c371cd06d81b6e8d	pull_request	2026-09-05T12:56:27Z	fetched
33967461072	1	101309997611	e2e	completed	success	884059032f528f8cc64ecf84c371cd06d81b6e8d	pull_request	2026-09-05T12:56:27Z	fetched
33967433949	1	101309929110	app	completed	success	9db8688c5acccd3c6313285bb36efd1a3a9a68b2	push	2026-09-05T12:55:52Z	fetched
33967433949	1	101309929293	e2e	completed	success	9db8688c5acccd3c6313285bb36efd1a3a9a68b2	push	2026-09-05T12:55:52Z	fetched
33966404936	1	101307221594	app	completed	success	df5715e5abc75a5bf96deaa756e1f5c26f8a6649	pull_request	2026-09-05T12:34:02Z	fetched
33966404936	1	101307221601	e2e	completed	success	df5715e5abc75a5bf96deaa756e1f5c26f8a6649	pull_request	2026-09-05T12:34:02Z	fetched
33966262886	1	101306856997	app	completed	success	87c77bc2e2fec351c7bb9ba676537e9deb683890	pull_request	2026-09-05T12:31:06Z	fetched
33966262886	1	101306857110	e2e	completed	success	87c77bc2e2fec351c7bb9ba676537e9deb683890	pull_request	2026-09-05T12:31:06Z	fetched
33966261877	1	101306851122	e2e	completed	success	3f456b3e6c66ea7992424dd3f5daf7dd35cb0d57	pull_request	2026-09-05T12:31:05Z	fetched
33966261877	1	101306851159	app	completed	success	3f456b3e6c66ea7992424dd3f5daf7dd35cb0d57	pull_request	2026-09-05T12:31:05Z	fetched
33946518525	1	101253512393	e2e	completed	success	5fae2b245a3fbd8cf9fd4c1c0a13e3c5b5d185a6	push	2026-09-05T05:10:47Z	fetched
33946518525	1	101253512395	app	completed	success	5fae2b245a3fbd8cf9fd4c1c0a13e3c5b5d185a6	push	2026-09-05T05:10:47Z	fetched
33946093752	1	101252356027	app	completed	success	adcf129b48145665f437f1279acfa1e8d0b58799	pull_request	2026-09-05T05:01:16Z	fetched
33946093752	1	101252356069	e2e	completed	success	adcf129b48145665f437f1279acfa1e8d0b58799	pull_request	2026-09-05T05:01:16Z	fetched
33945783514	1	101251508950	e2e	completed	success	e1337844d7679fdfe536b5afe55d040d0ff3906e	push	2026-09-05T04:54:00Z	fetched
33945783514	1	101251508978	app	completed	success	e1337844d7679fdfe536b5afe55d040d0ff3906e	push	2026-09-05T04:54:00Z	fetched
33945520759	1	101250791313	app	completed	success	d78dd5abc7dc6126575355445cb08b27f9834c79	pull_request	2026-09-05T04:47:51Z	fetched
33945520759	1	101250791346	e2e	completed	success	d78dd5abc7dc6126575355445cb08b27f9834c79	pull_request	2026-09-05T04:47:51Z	fetched
33945357100	1	101250353947	app	completed	success	dd6c62b8cfc003fef1f443b70930383f4aa3b85b	pull_request	2026-09-05T04:44:07Z	fetched
33945357100	1	101250353994	e2e	completed	success	dd6c62b8cfc003fef1f443b70930383f4aa3b85b	pull_request	2026-09-05T04:44:07Z	fetched
33945012905	1	101249430143	e2e	completed	failure	bbf170c9e74da2fe5a81b9b93383c66e9ef13a43	pull_request	2026-09-05T04:36:24Z	fetched
33945012905	1	101249430159	app	completed	success	bbf170c9e74da2fe5a81b9b93383c66e9ef13a43	pull_request	2026-09-05T04:36:24Z	fetched
33944431612	1	101247874179	e2e	completed	success	08568e6296ad7b1b301fefbacb354bd52e5b1a82	push	2026-09-05T04:23:42Z	fetched
33944431612	1	101247874238	app	completed	success	08568e6296ad7b1b301fefbacb354bd52e5b1a82	push	2026-09-05T04:23:42Z	fetched
33943893635	1	101246385468	e2e	completed	success	306316c7c3e71dffc1fdbe15878cce232433919a	pull_request	2026-09-05T04:11:37Z	fetched
33943893635	1	101246385598	app	completed	success	306316c7c3e71dffc1fdbe15878cce232433919a	pull_request	2026-09-05T04:11:37Z	fetched
33942824343	1	101243419525	e2e	completed	success	8da1e710948b744b5bbbddf3f232ee368afe2ab0	push	2026-09-05T03:47:29Z	fetched
33942824343	1	101243419527	app	completed	success	8da1e710948b744b5bbbddf3f232ee368afe2ab0	push	2026-09-05T03:47:29Z	fetched
33941596147	1	101240004839	app	completed	success	318f1337f6f3328dfcde667123236e43fbd56551	pull_request	2026-09-05T03:20:49Z	fetched
33941596147	1	101240004858	e2e	completed	success	318f1337f6f3328dfcde667123236e43fbd56551	pull_request	2026-09-05T03:20:49Z	fetched
33941100573	1	101238595194	e2e	completed	success	bb821630b1516d70fc63c85bbabd8a5a4f859aac	pull_request	2026-09-05T03:10:08Z	fetched
33941100573	1	101238595196	app	completed	failure	bb821630b1516d70fc63c85bbabd8a5a4f859aac	pull_request	2026-09-05T03:10:08Z	fetched
33940521649	1	101236934077	e2e	completed	success	7a742feba531c0a53e61b31157940c7051611483	pull_request	2026-09-05T02:57:35Z	fetched
33940521649	1	101236934130	app	completed	failure	7a742feba531c0a53e61b31157940c7051611483	pull_request	2026-09-05T02:57:35Z	fetched
33940359300	1	101236455010	app	completed	failure	96aa728efe933ab7082dd33825dd8c6ca6f6875a	pull_request	2026-09-05T02:53:48Z	fetched
33940359300	1	101236455125	e2e	completed	success	96aa728efe933ab7082dd33825dd8c6ca6f6875a	pull_request	2026-09-05T02:53:48Z	fetched
33939871130	1	101235081560	app	completed	failure	95f727fb9683c3f756fe55419671c57c9e4c3250	pull_request	2026-09-05T02:43:15Z	fetched
33939871130	1	101235081592	e2e	completed	success	95f727fb9683c3f756fe55419671c57c9e4c3250	pull_request	2026-09-05T02:43:15Z	fetched
33938100881	1	101229916258	e2e	completed	success	ebfa232458603c853297b66864b7199341a5937d	push	2026-09-05T02:05:56Z	fetched
33938100881	1	101229916266	app	completed	success	ebfa232458603c853297b66864b7199341a5937d	push	2026-09-05T02:05:56Z	fetched
33937406043	1	101227924382	app	completed	success	83c54eb10c285c33dd480af4d8f29325bddd5654	pull_request	2026-09-05T01:51:28Z	fetched
33937406043	1	101227924397	e2e	completed	success	83c54eb10c285c33dd480af4d8f29325bddd5654	pull_request	2026-09-05T01:51:28Z	fetched
33936813745	1	101226262694	app	completed	success	c54be0a902aac6626c60fc55dbfb230a6c49ca7b	pull_request	2026-09-05T01:39:23Z	fetched
33936813745	1	101226262723	e2e	completed	failure	c54be0a902aac6626c60fc55dbfb230a6c49ca7b	pull_request	2026-09-05T01:39:23Z	fetched
33935989439	1	101223952037	e2e	completed	skipped	77c40094460040081170f39f3a58fec6360facb9	pull_request	2026-09-05T01:22:59Z	HTTPError: HTTP Error 404: The specified blob does not exist.
33935989439	1	101223952150	app	completed	skipped	77c40094460040081170f39f3a58fec6360facb9	pull_request	2026-09-05T01:22:59Z	HTTPError: HTTP Error 404: The specified blob does not exist.
33935872657	1	101223618815	e2e	completed	success	ffaddc9154243da97c38f855e9fa08a03415b699	pull_request	2026-09-05T01:20:39Z	fetched
33935872657	1	101223618817	app	completed	success	ffaddc9154243da97c38f855e9fa08a03415b699	pull_request	2026-09-05T01:20:39Z	fetched
33935858626	1	101223575946	e2e	completed	success	abad12a4b081128fa8a1b40dbbf845820d1eaf99	push	2026-09-05T01:20:23Z	fetched
33935858626	1	101223575987	app	completed	success	abad12a4b081128fa8a1b40dbbf845820d1eaf99	push	2026-09-05T01:20:23Z	fetched
33935063787	1	101221296009	e2e	completed	success	cac33c94c8433d15fef1b3b3144e42ae3be552cc	pull_request	2026-09-05T01:05:06Z	fetched
33935063787	1	101221296050	app	completed	success	cac33c94c8433d15fef1b3b3144e42ae3be552cc	pull_request	2026-09-05T01:05:06Z	fetched
33934829233	1	101220618064	app	completed	success	0efcd83de3490878755e07bb6371fe8989eda8b1	pull_request	2026-09-05T01:00:47Z	fetched
33934829233	1	101220618066	e2e	completed	success	0efcd83de3490878755e07bb6371fe8989eda8b1	pull_request	2026-09-05T01:00:47Z	fetched
33934209668	1	101218888382	e2e	completed	success	d738ea4f8fd720d585f6c80672d2074e04d348d2	pull_request	2026-09-05T00:49:07Z	fetched
33934209668	1	101218888401	app	completed	success	d738ea4f8fd720d585f6c80672d2074e04d348d2	pull_request	2026-09-05T00:49:07Z	fetched
33929025813	1	101203684611	e2e	completed	success	8ff6eebd5e6785091212ffa90149370aeddbb419	push	2026-09-04T23:18:56Z	fetched
33929025813	1	101203684675	app	completed	success	8ff6eebd5e6785091212ffa90149370aeddbb419	push	2026-09-04T23:18:56Z	fetched
33928365331	1	101201728665	e2e	completed	success	34206298920c77977ab752d39f4854e531693896	pull_request	2026-09-04T23:08:46Z	fetched
33928365331	1	101201728761	app	completed	success	34206298920c77977ab752d39f4854e531693896	pull_request	2026-09-04T23:08:46Z	fetched
33909780316	1	101143284677	app	completed	success	e72298d39b2c15e69582ee66e7c9583585fb6251	push	2026-09-04T19:10:33Z	fetched
33909780316	1	101143284815	e2e	completed	success	e72298d39b2c15e69582ee66e7c9583585fb6251	push	2026-09-04T19:10:33Z	fetched
33909695272	1	101143008374	app	completed	success	cc8f7bfae1c0d8e40a5ee4ad650abb7c3f1cc0f0	pull_request	2026-09-04T19:09:36Z	fetched
33909695272	1	101143008427	e2e	completed	success	cc8f7bfae1c0d8e40a5ee4ad650abb7c3f1cc0f0	pull_request	2026-09-04T19:09:36Z	fetched
33909586160	1	101142661421	app	completed	success	6473b6807fb20c6aea74fa835ab0a86b6a235c46	push	2026-09-04T19:08:23Z	fetched
33909586160	1	101142661422	e2e	completed	success	6473b6807fb20c6aea74fa835ab0a86b6a235c46	push	2026-09-04T19:08:23Z	fetched
33908774566	1	101140027003	app	completed	success	c4679f8f4a080659253dab73d19b5734b591bb01	pull_request	2026-09-04T18:59:14Z	fetched
33908774566	1	101140027035	e2e	completed	success	c4679f8f4a080659253dab73d19b5734b591bb01	pull_request	2026-09-04T18:59:14Z	fetched
33908209359	1	101138174920	app	completed	success	3d0e2612a68cd0d1a9e39d221284ef84fda5fbe8	push	2026-09-04T18:52:31Z	fetched
33908209359	1	101138175018	e2e	completed	success	3d0e2612a68cd0d1a9e39d221284ef84fda5fbe8	push	2026-09-04T18:52:31Z	fetched
33906675609	1	101133172698	app	completed	success	8e685da78c6685fc552b6e8f8c25b90d851a4383	pull_request	2026-09-04T18:35:04Z	fetched
33906675609	1	101133172703	e2e	completed	success	8e685da78c6685fc552b6e8f8c25b90d851a4383	pull_request	2026-09-04T18:35:04Z	fetched
33900049710	1	101111799241	app	completed	success	529011264a5164f27b397763de3782a24c8695c4	push	2026-09-04T17:20:31Z	fetched
33900049710	1	101111799358	e2e	completed	success	529011264a5164f27b397763de3782a24c8695c4	push	2026-09-04T17:20:31Z	fetched
33899177440	1	101109005174	app	completed	success	00e7e2410262e4e346956bd461a9ce1605ea7302	pull_request	2026-09-04T17:10:51Z	fetched
33899177440	1	101109005210	e2e	completed	success	00e7e2410262e4e346956bd461a9ce1605ea7302	pull_request	2026-09-04T17:10:51Z	fetched
33897183488	1	101102524599	app	completed	success	2f258006d5a4ddc417b1150910862bd088d430e7	push	2026-09-04T16:48:31Z	fetched
33897183488	1	101102524625	e2e	completed	success	2f258006d5a4ddc417b1150910862bd088d430e7	push	2026-09-04T16:48:31Z	fetched
33895515726	1	101097160152	e2e	completed	success	8e39cb9306409b7ea0dbccfb8b2f2bf13462944e	pull_request	2026-09-04T16:30:23Z	fetched
33895515726	1	101097160189	app	completed	success	8e39cb9306409b7ea0dbccfb8b2f2bf13462944e	pull_request	2026-09-04T16:30:23Z	fetched
33887366184	1	101070459717	app	completed	skipped	04b7964e8accacf902754e1c6b6c39641a8b1548	push	2026-09-04T15:04:19Z	HTTPError: HTTP Error 404: The specified blob does not exist.
33887366184	1	101070459869	e2e	completed	skipped	04b7964e8accacf902754e1c6b6c39641a8b1548	push	2026-09-04T15:04:19Z	HTTPError: HTTP Error 404: The specified blob does not exist.
33886633690	1	101067967098	app	completed	skipped	c3db2086743f175b2c3f205c8aae5ca2b89d3769	pull_request	2026-09-04T14:56:35Z	HTTPError: HTTP Error 404: The specified blob does not exist.
33886633690	1	101067967248	e2e	completed	skipped	c3db2086743f175b2c3f205c8aae5ca2b89d3769	pull_request	2026-09-04T14:56:35Z	HTTPError: HTTP Error 404: The specified blob does not exist.
33880624695	1	101048211172	app	completed	success	54ed1d62366c5decb4bd5cabe10c227bc067a29e	pull_request	2026-09-04T13:53:59Z	fetched
33880624695	1	101048211174	e2e	completed	success	54ed1d62366c5decb4bd5cabe10c227bc067a29e	pull_request	2026-09-04T13:53:59Z	fetched
33879534060	1	101044577208	e2e	completed	success	3978948039ef4d142c3e451a35acaabe84542d05	pull_request	2026-09-04T13:42:09Z	fetched
33879534060	1	101044577259	app	completed	success	3978948039ef4d142c3e451a35acaabe84542d05	pull_request	2026-09-04T13:42:09Z	fetched
33828866824	1	100887355117	e2e	completed	success	c5015c2e46b270d1f061fe8f32c7d8c0e5e40942	push	2026-09-04T02:15:50Z	fetched
33828866824	1	100887355147	app	completed	success	c5015c2e46b270d1f061fe8f32c7d8c0e5e40942	push	2026-09-04T02:15:50Z	fetched
33827965666	1	100884727192	app	completed	success	34e01153454ea272ca1239460e38a90e052883e5	pull_request	2026-09-04T02:01:38Z	fetched
33827965666	1	100884727214	e2e	completed	success	34e01153454ea272ca1239460e38a90e052883e5	pull_request	2026-09-04T02:01:38Z	fetched
33826892763	1	100881401749	e2e	completed	skipped	9baa4fa7fe2daace94b22fae07850314ec1ed0ee	push	2026-09-04T01:44:21Z	HTTPError: HTTP Error 404: The specified blob does not exist.
33826892763	1	100881402104	app	completed	skipped	9baa4fa7fe2daace94b22fae07850314ec1ed0ee	push	2026-09-04T01:44:21Z	HTTPError: HTTP Error 404: The specified blob does not exist.
33826697046	1	100880819194	app	completed	skipped	1c20fcea3ea0b24fa89d7055859efa9f736b0c05	pull_request	2026-09-04T01:41:07Z	HTTPError: HTTP Error 404: The specified blob does not exist.
33826697046	1	100880819398	e2e	completed	skipped	1c20fcea3ea0b24fa89d7055859efa9f736b0c05	pull_request	2026-09-04T01:41:07Z	HTTPError: HTTP Error 404: The specified blob does not exist.
33826438037	1	100880030407	e2e	completed	skipped	2fa80a49aa902caf68d0ccf71ff3a342ed46758c	pull_request	2026-09-04T01:36:52Z	HTTPError: HTTP Error 404: The specified blob does not exist.
33826438037	1	100880030726	app	completed	skipped	2fa80a49aa902caf68d0ccf71ff3a342ed46758c	pull_request	2026-09-04T01:36:52Z	HTTPError: HTTP Error 404: The specified blob does not exist.
33825167230	1	100876206627	e2e	completed	success	139bd46d35a3cfaab62dffb0c9535c7cba0a7804	push	2026-09-04T01:17:03Z	fetched
33825167230	1	100876206659	app	completed	success	139bd46d35a3cfaab62dffb0c9535c7cba0a7804	push	2026-09-04T01:17:03Z	fetched
33824554244	1	100874368196	app	completed	success	b77de092f759c6326e3b91d86875d6c08edc75a7	pull_request	2026-09-04T01:07:51Z	fetched
33824554244	1	100874368232	e2e	completed	success	b77de092f759c6326e3b91d86875d6c08edc75a7	pull_request	2026-09-04T01:07:51Z	fetched
33822938005	1	100869395121	e2e	completed	skipped	5d926c2a23d5bf1149d35ba4455954dc05dce70d	pull_request	2026-09-04T00:43:29Z	HTTPError: HTTP Error 404: The specified blob does not exist.
33822938005	1	100869395526	app	completed	skipped	5d926c2a23d5bf1149d35ba4455954dc05dce70d	pull_request	2026-09-04T00:43:29Z	HTTPError: HTTP Error 404: The specified blob does not exist.
33816998936	1	100851284280	e2e	completed	skipped	7645f4dddd91188ec032a20cd6d9510b46e357e3	push	2026-09-03T23:18:09Z	HTTPError: HTTP Error 404: The specified blob does not exist.
33816998936	1	100851284735	app	completed	skipped	7645f4dddd91188ec032a20cd6d9510b46e357e3	push	2026-09-03T23:18:09Z	HTTPError: HTTP Error 404: The specified blob does not exist.
33816394985	1	100849450370	app	completed	skipped	2621928789e9452eb432c256b06aa0543c3cc19f	pull_request	2026-09-03T23:10:07Z	HTTPError: HTTP Error 404: The specified blob does not exist.
33816394985	1	100849450403	e2e	completed	skipped	2621928789e9452eb432c256b06aa0543c3cc19f	pull_request	2026-09-03T23:10:07Z	HTTPError: HTTP Error 404: The specified blob does not exist.
33815074083	1	100845338457	e2e	completed	success	3592bf946ba246b8a0e629d6a43662d7260b2427	push	2026-09-03T22:52:34Z	fetched
33815074083	1	100845338478	app	completed	success	3592bf946ba246b8a0e629d6a43662d7260b2427	push	2026-09-03T22:52:34Z	fetched
33813834219	1	100841485803	e2e	completed	success	8ffb0000c2fff1cf5f5d0c43c12e86a6e196d179	pull_request	2026-09-03T22:36:07Z	fetched
33813834219	1	100841485853	app	completed	success	8ffb0000c2fff1cf5f5d0c43c12e86a6e196d179	pull_request	2026-09-03T22:36:07Z	fetched
33812197951	1	100836375012	e2e	completed	success	a5519e8c1fe2cc26f5c0e711a1b00a2b0e203755	push	2026-09-03T22:15:45Z	fetched
33812197951	1	100836375128	app	completed	success	a5519e8c1fe2cc26f5c0e711a1b00a2b0e203755	push	2026-09-03T22:15:45Z	fetched
33811342908	1	100833689414	e2e	completed	success	70af3cf9b46a730318da6498ca63ac06e6be37e7	pull_request	2026-09-03T22:05:28Z	fetched
33811342908	1	100833689416	app	completed	success	70af3cf9b46a730318da6498ca63ac06e6be37e7	pull_request	2026-09-03T22:05:28Z	fetched
33807356911	1	100820980869	app	completed	success	614134e638a8bd590503a96fe6ead7ea8f9a7311	push	2026-09-03T21:19:58Z	fetched
33807356911	1	100820980989	e2e	completed	success	614134e638a8bd590503a96fe6ead7ea8f9a7311	push	2026-09-03T21:19:58Z	fetched
33800688297	1	100799253991	app	completed	success	b597c86090e617e34faa195442780f59f8074871	pull_request	2026-09-03T20:10:19Z	fetched
33800688297	1	100799253992	e2e	completed	success	b597c86090e617e34faa195442780f59f8074871	pull_request	2026-09-03T20:10:19Z	fetched
33790296909	1	100765053931	app	completed	skipped	c2182ef578f1c4a962725845470cd65cf9ac02ca	push	2026-09-03T18:24:20Z	HTTPError: HTTP Error 404: The specified blob does not exist.
33790296909	1	100765054676	e2e	completed	skipped	c2182ef578f1c4a962725845470cd65cf9ac02ca	push	2026-09-03T18:24:20Z	HTTPError: HTTP Error 404: The specified blob does not exist.
33789383745	1	100762088896	e2e	completed	success	a319779b41b3513669d524da9930316c7f4d8efa	push	2026-09-03T18:15:09Z	fetched
33789383745	1	100762089033	app	completed	success	a319779b41b3513669d524da9930316c7f4d8efa	push	2026-09-03T18:15:09Z	fetched
33785850833	1	100750401037	app	completed	success	03dfa3b0a98aaa81d16ccacf93b329d74f8e53ea	pull_request	2026-09-03T17:39:32Z	fetched
33785850833	1	100750401139	e2e	completed	success	03dfa3b0a98aaa81d16ccacf93b329d74f8e53ea	pull_request	2026-09-03T17:39:32Z	fetched
33785777614	1	100750150213	e2e	completed	success	a2f9c4fdc564859f419a9648080544673f4dece4	pull_request	2026-09-03T17:38:46Z	fetched
33785777614	1	100750150248	app	completed	success	a2f9c4fdc564859f419a9648080544673f4dece4	pull_request	2026-09-03T17:38:46Z	fetched
33781442041	1	100735877234	e2e	completed	skipped	a135e2c935a85d5dfd5a7f3bc2247ee06381d98b	pull_request	2026-09-03T16:54:44Z	HTTPError: HTTP Error 404: The specified blob does not exist.
33781442041	1	100735877302	app	completed	skipped	a135e2c935a85d5dfd5a7f3bc2247ee06381d98b	pull_request	2026-09-03T16:54:44Z	HTTPError: HTTP Error 404: The specified blob does not exist.
33780338474	1	100732241236	e2e	completed	success	e970bf1c9b33f4aaf1b2181cd39d0afc5755fccf	push	2026-09-03T16:43:33Z	fetched
33780338474	1	100732241302	app	completed	success	e970bf1c9b33f4aaf1b2181cd39d0afc5755fccf	push	2026-09-03T16:43:33Z	fetched
33758243718	1	100657890016	e2e	completed	success	0f28a184504da50e889114fc4e0e9e9616b80199	pull_request	2026-09-03T12:57:29Z	fetched
33758243718	1	100657890214	app	completed	success	0f28a184504da50e889114fc4e0e9e9616b80199	pull_request	2026-09-03T12:57:29Z	fetched
33758096265	1	100657409126	app	completed	success	b78d9a0ffb2f4387555a41149494b81ac29a7d77	pull_request	2026-09-03T12:56:00Z	fetched
33758096265	1	100657409197	e2e	completed	success	b78d9a0ffb2f4387555a41149494b81ac29a7d77	pull_request	2026-09-03T12:56:00Z	fetched
33753457137	1	100642198765	e2e	completed	success	5a4165a916169ce11cd5173d3f14e83cb5430f45	pull_request	2026-09-03T12:07:45Z	fetched
33753457137	1	100642198959	app	completed	success	5a4165a916169ce11cd5173d3f14e83cb5430f45	pull_request	2026-09-03T12:07:45Z	fetched
33751646680	1	100636376838	app	completed	success	127a0cef2db9fcadaae2bce1fd1de8b0539f0328	push	2026-09-03T11:47:53Z	fetched
33751646680	1	100636376912	e2e	completed	success	127a0cef2db9fcadaae2bce1fd1de8b0539f0328	push	2026-09-03T11:47:53Z	fetched
33750766742	1	100633602274	e2e	completed	success	9fe2b671512db2bae5afe19569f0464c6ed106cc	pull_request	2026-09-03T11:38:13Z	fetched
33750766742	1	100633602289	app	completed	success	9fe2b671512db2bae5afe19569f0464c6ed106cc	pull_request	2026-09-03T11:38:13Z	fetched
33747450530	1	100623149553	app	completed	success	e0912b3282862ee3d0fd46af917ee3d12be346f9	push	2026-09-03T11:01:42Z	fetched
33747450530	1	100623149657	e2e	completed	success	e0912b3282862ee3d0fd46af917ee3d12be346f9	push	2026-09-03T11:01:42Z	fetched
33746648173	1	100620589866	e2e	completed	success	4beacd81511f24c60a24f981f83499d804f8b9a6	pull_request	2026-09-03T10:52:38Z	fetched
33746648173	1	100620589887	app	completed	success	4beacd81511f24c60a24f981f83499d804f8b9a6	pull_request	2026-09-03T10:52:38Z	fetched
33742316820	1	100606888197	app	completed	success	2de3342bf892b23a210430fa39d32c307d5c448c	pull_request	2026-09-03T10:04:20Z	fetched
33742316820	1	100606888207	e2e	completed	success	2de3342bf892b23a210430fa39d32c307d5c448c	pull_request	2026-09-03T10:04:20Z	fetched
33703239675	1	100486872446	e2e	completed	success	3e15378ef4316b6f126b873e23d019d90b3b1253	push	2026-09-03T01:20:28Z	fetched
33703239675	1	100486872450	app	completed	success	3e15378ef4316b6f126b873e23d019d90b3b1253	push	2026-09-03T01:20:28Z	fetched
33702617380	1	100484996093	app	completed	success	0f7b4a6f11f6e206bd1046244e95f05a0fc37295	pull_request	2026-09-03T01:11:07Z	fetched
33702617380	1	100484996103	e2e	completed	success	0f7b4a6f11f6e206bd1046244e95f05a0fc37295	pull_request	2026-09-03T01:11:07Z	fetched
33702469369	1	100484541003	e2e	completed	success	e6f456cea4ab104c24b4345b890735b5dd53d5a1	push	2026-09-03T01:08:56Z	fetched
33702469369	1	100484541056	app	completed	success	e6f456cea4ab104c24b4345b890735b5dd53d5a1	push	2026-09-03T01:08:56Z	fetched
33701475208	1	100481544120	app	completed	success	380a7d785f3f3cbc8e89316c0c8cf5177ad40226	pull_request	2026-09-03T00:54:38Z	fetched
33701475208	1	100481544130	e2e	completed	success	380a7d785f3f3cbc8e89316c0c8cf5177ad40226	pull_request	2026-09-03T00:54:38Z	fetched
33700991976	1	100480085986	app	completed	success	0a1dd31e04b88382d61aad8d778f98c70702f692	pull_request	2026-09-03T00:47:28Z	fetched
33700991976	1	100480086044	e2e	completed	success	0a1dd31e04b88382d61aad8d778f98c70702f692	pull_request	2026-09-03T00:47:28Z	fetched
33700454711	1	100478447192	e2e	completed	success	ac010a74593b08672cc1882abcc1633d1b5a7fb7	pull_request	2026-09-03T00:39:50Z	fetched
33700454711	1	100478447209	app	completed	success	ac010a74593b08672cc1882abcc1633d1b5a7fb7	pull_request	2026-09-03T00:39:50Z	fetched
33700409019	1	100478305131	e2e	completed	success	ba975bb3e865e9dd3476db2109d78aa5870248e2	pull_request	2026-09-03T00:39:10Z	fetched
33700409019	1	100478305160	app	completed	success	ba975bb3e865e9dd3476db2109d78aa5870248e2	pull_request	2026-09-03T00:39:10Z	fetched
33699023924	1	100474094416	e2e	completed	failure	88f42cd435fea6c522622b762184b673316eab5c	pull_request	2026-09-03T00:19:29Z	fetched
33699023924	1	100474094517	app	completed	success	88f42cd435fea6c522622b762184b673316eab5c	pull_request	2026-09-03T00:19:29Z	fetched
33698000503	1	100471017306	e2e	completed	success	193552f5613eee3bb5238e375a67b244246d5fa8	push	2026-09-03T00:05:41Z	fetched
33698000503	1	100471017393	app	completed	success	193552f5613eee3bb5238e375a67b244246d5fa8	push	2026-09-03T00:05:41Z	fetched
33697355481	1	100469047028	app	completed	success	43c6f681869f0126cacf3608902a38ea2fae0ef6	pull_request	2026-09-02T23:56:52Z	fetched
33697355481	1	100469047592	e2e	completed	success	43c6f681869f0126cacf3608902a38ea2fae0ef6	pull_request	2026-09-02T23:56:52Z	fetched
33696717371	1	100467104785	app	completed	success	cf3eb1e920f6c86d07adfc95521d691a9ad80ba6	pull_request	2026-09-02T23:47:56Z	fetched
33696717371	1	100467104791	e2e	completed	success	cf3eb1e920f6c86d07adfc95521d691a9ad80ba6	pull_request	2026-09-02T23:47:56Z	fetched
33696410439	1	100467291859	e2e	completed	skipped	e99c853a2043f8910a16cc447df57d35deedd713	push	2026-09-02T23:43:47Z	HTTPError: HTTP Error 404: The specified blob does not exist.
33696410439	1	100467292013	app	completed	skipped	e99c853a2043f8910a16cc447df57d35deedd713	push	2026-09-02T23:43:47Z	HTTPError: HTTP Error 404: The specified blob does not exist.
33696144080	1	100465348273	e2e	completed	skipped	082f4650831f8021674e72bd91879c94e4bb93b5	pull_request	2026-09-02T23:40:13Z	HTTPError: HTTP Error 404: The specified blob does not exist.
33696144080	1	100465348571	app	completed	skipped	082f4650831f8021674e72bd91879c94e4bb93b5	pull_request	2026-09-02T23:40:13Z	HTTPError: HTTP Error 404: The specified blob does not exist.
33696079565	1	100465158982	e2e	completed	skipped	b7c9272a5f43b4d575e8947676c2d905eaaa9d02	pull_request	2026-09-02T23:39:23Z	HTTPError: HTTP Error 404: The specified blob does not exist.
33696079565	1	100465159240	app	completed	skipped	b7c9272a5f43b4d575e8947676c2d905eaaa9d02	pull_request	2026-09-02T23:39:23Z	HTTPError: HTTP Error 404: The specified blob does not exist.
33695402596	1	100463128033	e2e	completed	success	eb8cfbb6d42ba6616eca5eef049bd8f83358a72c	pull_request	2026-09-02T23:30:38Z	fetched
33695402596	1	100463128044	app	completed	success	eb8cfbb6d42ba6616eca5eef049bd8f83358a72c	pull_request	2026-09-02T23:30:38Z	fetched
33695036007	1	100462021240	e2e	completed	success	7ac313fa75351f2721edede4e8cd21cffb25757e	pull_request	2026-09-02T23:25:50Z	fetched
33695036007	1	100462021271	app	completed	success	7ac313fa75351f2721edede4e8cd21cffb25757e	pull_request	2026-09-02T23:25:50Z	fetched
33693809788	1	100458307727	e2e	completed	skipped	264667e6e516c96dcba11d40f68bd80fd5d21547	pull_request	2026-09-02T23:10:02Z	HTTPError: HTTP Error 404: The specified blob does not exist.
33693809788	1	100458308216	app	completed	skipped	264667e6e516c96dcba11d40f68bd80fd5d21547	pull_request	2026-09-02T23:10:02Z	HTTPError: HTTP Error 404: The specified blob does not exist.
33687260923	1	100437632506	app	completed	success	c26fd2c59f6b80c3f8734b0e8ced2e0338e98459	pull_request	2026-09-02T21:50:00Z	fetched
33687260923	1	100437632613	e2e	completed	success	c26fd2c59f6b80c3f8734b0e8ced2e0338e98459	pull_request	2026-09-02T21:50:00Z	fetched
33687211279	1	100437467537	app	completed	success	41bb27b769087ac063f01b5e020b07afa47bd1cf	pull_request	2026-09-02T21:49:25Z	fetched
33687211279	1	100437467606	e2e	completed	success	41bb27b769087ac063f01b5e020b07afa47bd1cf	pull_request	2026-09-02T21:49:25Z	fetched
33666069571	1	100368086737	e2e	completed	success	80fc50f89e2be1406109e8892294dc3727bac3cb	pull_request	2026-09-02T18:15:13Z	fetched
33666069571	1	100368086825	app	completed	success	80fc50f89e2be1406109e8892294dc3727bac3cb	pull_request	2026-09-02T18:15:13Z	fetched
33664468095	1	100362738356	app	completed	skipped	d4c42cb10e68df0462d230daf90c4d01cfe23f54	push	2026-09-02T17:59:36Z	HTTPError: HTTP Error 404: The specified blob does not exist.
33664468095	1	100362740180	e2e	completed	skipped	d4c42cb10e68df0462d230daf90c4d01cfe23f54	push	2026-09-02T17:59:36Z	HTTPError: HTTP Error 404: The specified blob does not exist.
33664368953	1	100362411888	app	completed	skipped	54809e86d98ca57d6267e6c80ae9259847122645	pull_request	2026-09-02T17:58:36Z	HTTPError: HTTP Error 404: The specified blob does not exist.
33664368953	1	100362412457	e2e	completed	skipped	54809e86d98ca57d6267e6c80ae9259847122645	pull_request	2026-09-02T17:58:36Z	HTTPError: HTTP Error 404: The specified blob does not exist.
33662298856	1	100355582320	app	completed	skipped	fcf2d4f9d421830343c2d363e7b86fe12854e8c7	pull_request	2026-09-02T17:38:09Z	HTTPError: HTTP Error 404: The specified blob does not exist.
33662298856	1	100355582499	e2e	completed	skipped	fcf2d4f9d421830343c2d363e7b86fe12854e8c7	pull_request	2026-09-02T17:38:09Z	HTTPError: HTTP Error 404: The specified blob does not exist.
33654043825	1	100328192215	app	completed	success	da26242c953e2281bd95162bc99656ddb4beb3ef	push	2026-09-02T16:17:56Z	fetched
33654043825	1	100328192374	e2e	completed	success	da26242c953e2281bd95162bc99656ddb4beb3ef	push	2026-09-02T16:17:56Z	fetched
33649883885	1	100313967826	e2e	completed	success	733c66315f513d1af982ce4df5c2cfdfd49f3d75	pull_request	2026-09-02T15:38:41Z	fetched
33649883885	1	100313967873	app	completed	success	733c66315f513d1af982ce4df5c2cfdfd49f3d75	pull_request	2026-09-02T15:38:41Z	fetched
33647424382	1	100305668083	e2e	completed	success	267ebc2fa8208e553921699e50a7e3365d02cd3d	push	2026-09-02T15:16:00Z	fetched
33647424382	1	100305668222	app	completed	success	267ebc2fa8208e553921699e50a7e3365d02cd3d	push	2026-09-02T15:16:00Z	fetched
33644969841	1	100297330067	app	completed	success	68a87799553d79704cc0150bcb4f84a9745ded31	pull_request	2026-09-02T14:53:16Z	fetched
33644969841	1	100297330112	e2e	completed	success	68a87799553d79704cc0150bcb4f84a9745ded31	pull_request	2026-09-02T14:53:16Z	fetched
33644310061	1	100295056944	app	completed	success	72ee187d05da448db7999fac94c89f29522f1c1b	pull_request	2026-09-02T14:47:05Z	fetched
33644310061	1	100295057047	e2e	completed	success	72ee187d05da448db7999fac94c89f29522f1c1b	pull_request	2026-09-02T14:47:05Z	fetched
33642620008	1	100289318524	app	completed	skipped	e6b4958c22f9fabf2cdbd7a30346612380162bb9	pull_request	2026-09-02T14:31:34Z	HTTPError: HTTP Error 404: The specified blob does not exist.
33642620008	1	100289318764	e2e	completed	skipped	e6b4958c22f9fabf2cdbd7a30346612380162bb9	pull_request	2026-09-02T14:31:34Z	HTTPError: HTTP Error 404: The specified blob does not exist.
33640925486	1	100283600555	app	completed	skipped	bf3fb24eea1be285bda08405f3793e49819b7ffd	pull_request	2026-09-02T14:16:01Z	HTTPError: HTTP Error 404: The specified blob does not exist.
33640925486	1	100283600736	e2e	completed	skipped	bf3fb24eea1be285bda08405f3793e49819b7ffd	pull_request	2026-09-02T14:16:01Z	HTTPError: HTTP Error 404: The specified blob does not exist.
33636836571	1	100269760827	app	completed	skipped	c2f98caa4a1f640a42c9a622eca2f021084fc35b	pull_request	2026-09-02T13:37:16Z	HTTPError: HTTP Error 404: The specified blob does not exist.
33636836571	1	100269761070	e2e	completed	skipped	c2f98caa4a1f640a42c9a622eca2f021084fc35b	pull_request	2026-09-02T13:37:16Z	HTTPError: HTTP Error 404: The specified blob does not exist.
33628971306	1	100243462147	app	completed	success	138dbe8cdd5704b26ead438b61dec2546ab01463	push	2026-09-02T12:15:58Z	fetched
33628971306	1	100243462317	e2e	completed	success	138dbe8cdd5704b26ead438b61dec2546ab01463	push	2026-09-02T12:15:58Z	fetched
33628142768	1	100240764964	app	completed	success	552ec0975bb12fecb46b3bc97e33477f51164339	pull_request	2026-09-02T12:06:42Z	fetched
33628142768	1	100240765252	e2e	completed	success	552ec0975bb12fecb46b3bc97e33477f51164339	pull_request	2026-09-02T12:06:42Z	fetched
33627185305	1	100237651634	e2e	completed	success	10b8aa946a906e0d787570e18cf22af144540adb	push	2026-09-02T11:56:06Z	fetched
33627185305	1	100237651743	app	completed	success	10b8aa946a906e0d787570e18cf22af144540adb	push	2026-09-02T11:56:06Z	fetched
33626359751	1	100234985523	e2e	completed	success	08bfed010c29739d0dc585d2bf61efc916cc5d52	pull_request	2026-09-02T11:46:35Z	fetched
33626359751	1	100234985553	app	completed	success	08bfed010c29739d0dc585d2bf61efc916cc5d52	pull_request	2026-09-02T11:46:35Z	fetched
33625537087	1	100232341787	app	completed	success	d8ee8ca1c20fdf127fd4fcb8128d4c256d56e001	push	2026-09-02T11:37:06Z	fetched
33625537087	1	100232341796	e2e	completed	success	d8ee8ca1c20fdf127fd4fcb8128d4c256d56e001	push	2026-09-02T11:37:06Z	fetched
33624735409	1	100229761006	app	completed	success	806ff7b7bb4b5c06079c26b3d6ad6904ef832864	pull_request	2026-09-02T11:28:01Z	fetched
33624735409	1	100229761037	e2e	completed	success	806ff7b7bb4b5c06079c26b3d6ad6904ef832864	pull_request	2026-09-02T11:28:01Z	fetched
33622826308	1	100223631055	app	completed	success	574991bbc1f1ba50999a5bd75c0da726438c804f	push	2026-09-02T11:05:48Z	fetched
33622826308	1	100223631078	e2e	completed	success	574991bbc1f1ba50999a5bd75c0da726438c804f	push	2026-09-02T11:05:48Z	fetched
33622079402	1	100221206749	app	completed	success	2ced11a1b928ce8b665d6dc0a22332285a12600f	pull_request	2026-09-02T10:57:02Z	fetched
33622079402	1	100221206754	e2e	completed	success	2ced11a1b928ce8b665d6dc0a22332285a12600f	pull_request	2026-09-02T10:57:02Z	fetched
33621947536	1	100220775444	e2e	completed	success	0be677e6cddaef19e2bea549111a17111a816e41	push	2026-09-02T10:55:25Z	fetched
33621947536	1	100220775463	app	completed	success	0be677e6cddaef19e2bea549111a17111a816e41	push	2026-09-02T10:55:25Z	fetched
33608133032	1	100176813559	e2e	completed	success	9351758b616cc8a6c488a58ba5cb3c18b136587e	pull_request	2026-09-02T08:19:54Z	fetched
33608133032	1	100176813576	app	completed	success	9351758b616cc8a6c488a58ba5cb3c18b136587e	pull_request	2026-09-02T08:19:54Z	fetched
33607199132	1	100173829010	app	completed	success	1ecf2bfd0e9af2fef93521ff83d630ed1d825450	pull_request	2026-09-02T08:09:09Z	fetched
33607199132	1	100173829302	e2e	completed	success	1ecf2bfd0e9af2fef93521ff83d630ed1d825450	pull_request	2026-09-02T08:09:09Z	fetched
33607131079	1	100173628587	app	completed	success	7e13b2dd7c2b34de0ebc2320fe2fc34eeafb8891	pull_request	2026-09-02T08:08:21Z	fetched
33607131079	1	100173628636	e2e	completed	success	7e13b2dd7c2b34de0ebc2320fe2fc34eeafb8891	pull_request	2026-09-02T08:08:21Z	fetched
33607059682	1	100173407566	app	completed	success	98ad9f6f3d8436b59f7fb66e34fb5da1d441c167	pull_request	2026-09-02T08:07:31Z	fetched
33607059682	1	100173407643	e2e	completed	success	98ad9f6f3d8436b59f7fb66e34fb5da1d441c167	pull_request	2026-09-02T08:07:31Z	fetched
33594369669	1	100134758325	e2e	completed	success	3338a7e015460d43deb6070bbaea51ac7bf43b96	pull_request	2026-09-02T05:21:53Z	fetched
33594369669	1	100134758451	app	completed	success	3338a7e015460d43deb6070bbaea51ac7bf43b96	pull_request	2026-09-02T05:21:53Z	fetched
33593939702	1	100133470020	app	completed	success	72bc534781aeda79a5221eb4f107a10f8a6900b9	pull_request	2026-09-02T05:15:07Z	fetched
33593939702	1	100133470046	e2e	completed	success	72bc534781aeda79a5221eb4f107a10f8a6900b9	pull_request	2026-09-02T05:15:07Z	fetched
33593816688	1	100133098533	app	completed	success	48f4787912a133aa1cacb70df2414d9cb798d986	pull_request	2026-09-02T05:13:15Z	fetched
33593816688	1	100133098600	e2e	completed	success	48f4787912a133aa1cacb70df2414d9cb798d986	pull_request	2026-09-02T05:13:15Z	fetched
33593682034	1	100132729091	e2e	completed	success	4ca6961eda46ef35108c9e2afb831a89b83f6aaf	pull_request	2026-09-02T05:11:16Z	fetched
33593682034	1	100132729093	app	completed	success	4ca6961eda46ef35108c9e2afb831a89b83f6aaf	pull_request	2026-09-02T05:11:16Z	fetched
33593465916	1	100132077589	e2e	completed	success	761a795ac85a2cb13aae4977fb1df64fb3cef649	pull_request	2026-09-02T05:08:00Z	fetched
33593465916	1	100132077614	app	completed	success	761a795ac85a2cb13aae4977fb1df64fb3cef649	pull_request	2026-09-02T05:08:00Z	fetched
33593145804	1	100131123788	app	completed	success	d30d698f1eaf029346b10ceaf44b95603b5a0eeb	pull_request	2026-09-02T05:03:13Z	fetched
33593145804	1	100131123963	e2e	completed	success	d30d698f1eaf029346b10ceaf44b95603b5a0eeb	pull_request	2026-09-02T05:03:13Z	fetched
33592626482	1	100129574252	e2e	completed	success	30aaf9d29a70a4e0300b911a155f8ea7a1915906	pull_request	2026-09-02T04:54:58Z	fetched
33592626482	1	100129574268	app	completed	success	30aaf9d29a70a4e0300b911a155f8ea7a1915906	pull_request	2026-09-02T04:54:58Z	fetched
33591302774	1	100125716934	app	completed	success	74cb310ff41a3db9e8dc959a07fe579464f13839	pull_request	2026-09-02T04:34:11Z	fetched
33591302774	1	100125716950	e2e	completed	success	74cb310ff41a3db9e8dc959a07fe579464f13839	pull_request	2026-09-02T04:34:11Z	fetched
33588017107	1	100116139876	e2e	completed	skipped	43e199220ac849c9b26b064b670b25616a2ca0ee	push	2026-09-02T03:41:55Z	HTTPError: HTTP Error 404: The specified blob does not exist.
33588017107	1	100116140668	app	completed	skipped	43e199220ac849c9b26b064b670b25616a2ca0ee	push	2026-09-02T03:41:55Z	HTTPError: HTTP Error 404: The specified blob does not exist.
33587321993	1	100114108496	e2e	completed	skipped	6a9c3b1179e40f23b06d989c7d953922e4d66c30	pull_request	2026-09-02T03:30:51Z	HTTPError: HTTP Error 404: The specified blob does not exist.
33587321993	1	100114108758	app	completed	skipped	6a9c3b1179e40f23b06d989c7d953922e4d66c30	pull_request	2026-09-02T03:30:51Z	HTTPError: HTTP Error 404: The specified blob does not exist.
33584565554	1	100105914983	e2e	completed	success	936b588c4d237d1072796a5741b06ddcc59b88ab	pull_request	2026-09-02T02:47:55Z	fetched
33584565554	1	100105915052	app	completed	success	936b588c4d237d1072796a5741b06ddcc59b88ab	pull_request	2026-09-02T02:47:55Z	fetched
33582301199	1	100098973529	e2e	completed	skipped	e54a024ed3a12e43ec5b2138d3d2f396141db505	push	2026-09-02T02:11:36Z	HTTPError: HTTP Error 404: The specified blob does not exist.
33582301199	1	100098973672	app	completed	skipped	e54a024ed3a12e43ec5b2138d3d2f396141db505	push	2026-09-02T02:11:36Z	HTTPError: HTTP Error 404: The specified blob does not exist.
33582118557	1	100098420874	e2e	completed	skipped	65f43f825a41d997f2990b716a8f6dc6bfb34f1a	pull_request	2026-09-02T02:08:45Z	HTTPError: HTTP Error 404: The specified blob does not exist.
33582118557	1	100098421363	app	completed	skipped	65f43f825a41d997f2990b716a8f6dc6bfb34f1a	pull_request	2026-09-02T02:08:45Z	HTTPError: HTTP Error 404: The specified blob does not exist.
33582033111	1	100098167368	e2e	completed	skipped	80ebc07ff68fe005f2759e25b57685553369b6fc	pull_request	2026-09-02T02:07:22Z	HTTPError: HTTP Error 404: The specified blob does not exist.
33582033111	1	100098167518	app	completed	skipped	80ebc07ff68fe005f2759e25b57685553369b6fc	pull_request	2026-09-02T02:07:22Z	HTTPError: HTTP Error 404: The specified blob does not exist.
33580880236	1	100094756035	app	completed	success	027e987fdce85f1df38470e2328bc55e192facbc	push	2026-09-02T01:49:26Z	fetched
33580880236	1	100094756042	e2e	completed	success	027e987fdce85f1df38470e2328bc55e192facbc	push	2026-09-02T01:49:26Z	fetched
33580101994	1	100092403019	app	completed	success	a280c246edba598458fb9841a5fa93f817b8194b	pull_request	2026-09-02T01:37:02Z	fetched
33580101994	1	100092403134	e2e	completed	success	a280c246edba598458fb9841a5fa93f817b8194b	pull_request	2026-09-02T01:37:02Z	fetched
33577705489	1	100085225147	app	completed	success	8149ded44957481df3921bb2ea406e212594a4a2	pull_request	2026-09-02T01:01:26Z	fetched
33577705489	1	100085225149	e2e	completed	success	8149ded44957481df3921bb2ea406e212594a4a2	pull_request	2026-09-02T01:01:26Z	fetched
33576753833	1	100082343160	app	completed	skipped	d0af9022fb5239997bad9c69d5947a7036755fc9	push	2026-09-02T00:47:17Z	HTTPError: HTTP Error 404: The specified blob does not exist.
33576753833	1	100082343169	e2e	completed	skipped	d0af9022fb5239997bad9c69d5947a7036755fc9	push	2026-09-02T00:47:17Z	HTTPError: HTTP Error 404: The specified blob does not exist.
33576753833	2	100094926202	e2e	completed	skipped	d0af9022fb5239997bad9c69d5947a7036755fc9	push	2026-09-02T00:47:17Z	HTTPError: HTTP Error 404: The specified blob does not exist.
33576753833	2	100094947640	app	completed	skipped	d0af9022fb5239997bad9c69d5947a7036755fc9	push	2026-09-02T00:47:17Z	HTTPError: HTTP Error 404: The specified blob does not exist.
33576692923	1	100082148936	app	completed	success	72063388dfc1d91565b2f5cd73c7515af222ddbb	push	2026-09-02T00:46:22Z	fetched
33576692923	1	100082149016	e2e	completed	success	72063388dfc1d91565b2f5cd73c7515af222ddbb	push	2026-09-02T00:46:22Z	fetched
33576621486	1	100081925737	e2e	completed	skipped	fe50fe6467048cf733e3b531ccc8a0c1c3e78fcd	push	2026-09-02T00:45:18Z	HTTPError: HTTP Error 404: The specified blob does not exist.
33576621486	1	100081925907	app	completed	skipped	fe50fe6467048cf733e3b531ccc8a0c1c3e78fcd	push	2026-09-02T00:45:18Z	HTTPError: HTTP Error 404: The specified blob does not exist.
33574948779	1	100076793266	e2e	completed	success	50e7c09194b78f7620edb20c2d52194395723c5f	pull_request	2026-09-02T00:20:45Z	fetched
33574948779	1	100076793388	app	completed	success	50e7c09194b78f7620edb20c2d52194395723c5f	pull_request	2026-09-02T00:20:45Z	fetched
33574241661	1	100074632566	e2e	completed	skipped	9e4292d87c645dfe8105d955c4f0182f0b51c16d	pull_request	2026-09-02T00:10:49Z	HTTPError: HTTP Error 404: The specified blob does not exist.
33574241661	1	100074633055	app	completed	skipped	9e4292d87c645dfe8105d955c4f0182f0b51c16d	pull_request	2026-09-02T00:10:49Z	HTTPError: HTTP Error 404: The specified blob does not exist.
33574156766	1	100074366338	e2e	completed	success	cf22b180a0a1ecb054f8eac79e3c88efc6d80a02	pull_request	2026-09-02T00:09:40Z	fetched
33574156766	1	100074366376	app	completed	success	cf22b180a0a1ecb054f8eac79e3c88efc6d80a02	pull_request	2026-09-02T00:09:40Z	fetched
